,Unnamed: 0.12,Unnamed: 0.11,Unnamed: 0.10,Unnamed: 0.9,Unnamed: 0.8,Unnamed: 0.7,Unnamed: 0.6,Unnamed: 0.5,Unnamed: 0.4,Unnamed: 0.3,Unnamed: 0.2,Unnamed: 0.1,Unnamed: 0,STATION,DATE,LATITUDE,LONGITUDE,ELEVATION,NAME,TEMP,TEMP_ATTRIBUTES,DEWP,DEWP_ATTRIBUTES,SLP,SLP_ATTRIBUTES,STP,STP_ATTRIBUTES,VISIB,VISIB_ATTRIBUTES,WDSP,WDSP_ATTRIBUTES,MXSPD,GUST,MAX,MAX_ATTRIBUTES,MIN,MIN_ATTRIBUTES,PRCP,PRCP_ATTRIBUTES,SNDP,FRSHTT,WC
0,0,0,0,0,0,0,0,0,0,0,0,0,0,72429793812,2017-01-01,39.106,-84.41609,144.8,"CINCINNATI MUNICIPAL AIRPORT LUNKEN FIELD, OH US",37.8,24,35.5,24,1017.5,10,0.8,24,6.1,24,4.1,24,9.9,19.0,46.9, ,26.1, ,0.01,G,999.9,100000,34.680470355892254
1,1,1,1,1,1,1,1,1,1,1,1,1,1,72429793812,2017-01-02,39.106,-84.41609,144.8,"CINCINNATI MUNICIPAL AIRPORT LUNKEN FIELD, OH US",47.0,24,45.7,24,1019.1,15,1.0,24,5.0,24,2.2,24,5.1,999.9,55.9, ,28.0, ,0.0,G,999.9,100000,9999.9
2,2,2,2,2,2,2,2,2,2,2,2,2,2,72429793812,2017-01-03,39.106,-84.41609,144.8,"CINCINNATI MUNICIPAL AIRPORT LUNKEN FIELD, OH US",53.9,24,53.4,24,1007.8,10,989.4,24,5.1,24,2.5,24,11.1,17.1,57.9, ,43.0, ,0.53,G,999.9,110000,9999.9
3,3,3,3,3,3,3,3,3,3,3,3,3,3,72429793812,2017-01-04,39.106,-84.41609,144.8,"CINCINNATI MUNICIPAL AIRPORT LUNKEN FIELD, OH US",35.0,24,26.4,24,1014.9,20,995.7,24,9.9,24,11.4,24,18.1,28.0,57.9, ,26.1, ,0.36,G,999.9,10000,26.808848712900776
4,4,4,4,4,4,4,4,4,4,4,4,4,4,72429793812,2017-01-05,39.106,-84.41609,144.8,"CINCINNATI MUNICIPAL AIRPORT LUNKEN FIELD, OH US",22.2,24,15.7,24,1018.4,16,999.7,24,6.1,24,5.8,24,11.1,15.9,25.0,*,19.9,*,0.0,G,999.9,1000,14.748861828163854
5,5,5,5,5,5,5,5,5,5,5,5,5,5,72429793812,2017-01-06,39.106,-84.41609,144.8,"CINCINNATI MUNICIPAL AIRPORT LUNKEN FIELD, OH US",13.6,24,4.9,24,1024.6,21,5.3,24,10.0,24,5.5,24,9.9,15.9,24.1, ,10.0, ,0.03,G,999.9,0,4.86893304165389
6,6,6,6,6,6,6,6,6,6,6,6,6,6,72429793812,2017-01-07,39.106,-84.41609,144.8,"CINCINNATI MUNICIPAL AIRPORT LUNKEN FIELD, OH US",10.5,24,0.4,24,1033.5,24,14.3,24,10.0,24,7.0,24,11.1,999.9,16.0, ,6.1, ,0.0,G,999.9,0,-0.4140156367932235
7,7,7,7,7,7,7,7,7,7,7,7,7,7,72429793812,2017-01-08,39.106,-84.41609,144.8,"CINCINNATI MUNICIPAL AIRPORT LUNKEN FIELD, OH US",15.9,24,5.8,24,1039.8,24,20.6,24,9.8,24,5.2,24,8.9,999.9,23.0, ,6.1, ,0.0,G,999.9,1000,7.929748208036862
8,8,8,8,8,8,8,8,8,8,8,8,8,8,72429793812,2017-01-09,39.106,-84.41609,144.8,"CINCINNATI MUNICIPAL AIRPORT LUNKEN FIELD, OH US",23.7,24,12.3,24,1035.0,24,16.0,24,10.0,24,6.4,24,11.1,999.9,34.0, ,9.0, ,0.0,G,999.9,0,15.991852470360492
9,9,9,9,9,9,9,9,9,9,9,9,9,9,72429793812,2017-01-10,39.106,-84.41609,144.8,"CINCINNATI MUNICIPAL AIRPORT LUNKEN FIELD, OH US",41.9,24,29.7,24,1018.7,23,0.4,24,10.0,24,13.5,24,22.9,31.1,52.0,*,33.1,*,0.0,G,999.9,10000,34.729217686118176
10,10,10,10,10,10,10,10,10,10,10,10,10,10,72429793812,2017-01-11,39.106,-84.41609,144.8,"CINCINNATI MUNICIPAL AIRPORT LUNKEN FIELD, OH US",43.5,24,41.0,24,1017.4,14,998.9,24,7.2,24,7.0,24,28.0,34.0,59.0, ,25.0, ,0.13,G,999.9,110010,39.35590401120743
11,11,11,11,11,11,11,11,11,11,11,11,11,11,72429793812,2017-01-12,39.106,-84.41609,144.8,"CINCINNATI MUNICIPAL AIRPORT LUNKEN FIELD, OH US",61.7,24,56.2,23,1014.2,21,996.7,24,9.7,24,15.5,24,22.9,32.1,66.9,*,46.9,*,0.51,G,999.9,10000,9999.9
12,12,12,12,12,12,12,12,12,12,12,12,12,12,72429793812,2017-01-13,39.106,-84.41609,144.8,"CINCINNATI MUNICIPAL AIRPORT LUNKEN FIELD, OH US",37.1,24,31.0,24,1034.8,23,16.5,24,10.0,24,8.1,24,11.1,999.9,45.0,*,35.1,*,0.32,G,999.9,0,31.00135402458338
13,13,13,13,13,13,13,13,13,13,13,13,13,13,72429793812,2017-01-14,39.106,-84.41609,144.8,"CINCINNATI MUNICIPAL AIRPORT LUNKEN FIELD, OH US",35.5,24,33.9,24,1033.1,18,14.5,24,6.3,24,3.6,24,8.0,999.9,37.9,*,33.8,*,0.05,G,999.9,10000,32.549733669229795
14,14,14,14,14,14,14,14,14,14,14,14,14,14,72429793812,2017-01-15,39.106,-84.41609,144.8,"CINCINNATI MUNICIPAL AIRPORT LUNKEN FIELD, OH US",36.2,24,34.6,24,1030.5,17,11.7,24,4.5,24,4.3,24,7.0,999.9,39.0,*,33.8,*,0.27,G,999.9,10000,32.63445994417805
15,15,15,15,15,15,15,15,15,15,15,15,15,15,72429793812,2017-01-16,39.106,-84.41609,144.8,"CINCINNATI MUNICIPAL AIRPORT LUNKEN FIELD, OH US",42.1,24,41.2,24,1025.8,18,7.2,24,4.8,24,2.3,24,5.1,999.9,50.0, ,34.0, ,0.06,G,999.9,10000,9999.9
16,16,16,16,16,16,16,16,16,16,16,16,16,16,72429793812,2017-01-17,39.106,-84.41609,144.8,"CINCINNATI MUNICIPAL AIRPORT LUNKEN FIELD, OH US",55.5,24,51.9,24,1015.2,15,997.0,24,7.9,24,8.3,24,14.0,21.0,64.9, ,37.9, ,0.39,G,999.9,10000,9999.9
17,17,17,17,17,17,17,17,17,17,17,17,17,17,72429793812,2017-01-18,39.106,-84.41609,144.8,"CINCINNATI MUNICIPAL AIRPORT LUNKEN FIELD, OH US",42.9,24,38.3,24,1020.7,19,2.5,24,10.0,24,7.2,24,14.0,21.0,48.9,*,39.0,*,0.28,G,999.9,10000,38.525435362219554
18,18,18,18,18,18,18,18,18,18,18,18,18,18,72429793812,2017-01-19,39.106,-84.41609,144.8,"CINCINNATI MUNICIPAL AIRPORT LUNKEN FIELD, OH US",43.0,24,38.5,24,1018.3,23,0.2,24,9.5,24,2.6,24,6.0,999.9,51.1, ,36.0, ,0.0,G,999.9,0,9999.9
19,19,19,19,19,19,19,19,19,19,19,19,19,19,72429793812,2017-01-20,39.106,-84.41609,144.8,"CINCINNATI MUNICIPAL AIRPORT LUNKEN FIELD, OH US",53.5,24,49.7,24,1006.7,18,988.4,24,8.6,24,7.1,24,13.0,999.9,63.0, ,36.0, ,0.57,G,999.9,10000,9999.9
20,20,20,20,20,20,20,20,20,20,20,20,20,20,72429793812,2017-01-21,39.106,-84.41609,144.8,"CINCINNATI MUNICIPAL AIRPORT LUNKEN FIELD, OH US",49.8,24,47.6,24,1005.9,18,988.4,24,6.9,24,1.5,24,8.0,999.9,64.0, ,37.9, ,0.02,G,999.9,100000,9999.9
21,21,21,21,21,21,21,21,21,21,21,21,21,21,72429793812,2017-01-22,39.106,-84.41609,144.8,"CINCINNATI MUNICIPAL AIRPORT LUNKEN FIELD, OH US",51.7,24,48.5,24,1000.8,21,983.3,24,6.2,24,2.8,24,8.9,999.9,64.0, ,37.9, ,0.0,G,999.9,100000,9999.9
22,22,22,22,22,22,22,22,22,22,22,22,22,22,72429793812,2017-01-23,39.106,-84.41609,144.8,"CINCINNATI MUNICIPAL AIRPORT LUNKEN FIELD, OH US",51.4,24,47.3,24,998.4,16,980.9,24,8.0,24,9.9,24,17.1,25.1,64.0, ,41.0, ,0.03,G,999.9,10000,9999.9
23,23,23,23,23,23,23,23,23,23,23,23,23,23,72429793812,2017-01-24,39.106,-84.41609,144.8,"CINCINNATI MUNICIPAL AIRPORT LUNKEN FIELD, OH US",43.9,24,39.9,24,1009.5,20,991.1,24,9.8,24,6.9,23,11.1,15.0,57.0, ,42.1, ,0.08,G,999.9,10000,39.891280747511296
24,24,24,24,24,24,24,24,24,24,24,24,24,24,72429793812,2017-01-25,39.106,-84.41609,144.8,"CINCINNATI MUNICIPAL AIRPORT LUNKEN FIELD, OH US",43.7,24,39.4,24,1007.1,21,988.8,24,8.8,24,5.6,24,20.0,26.0,60.1, ,30.9, ,0.0,G,999.9,0,40.41422963306634
25,25,25,25,25,25,25,25,25,25,25,25,25,25,72429793812,2017-01-26,39.106,-84.41609,144.8,"CINCINNATI MUNICIPAL AIRPORT LUNKEN FIELD, OH US",40.2,24,32.6,24,1007.9,20,990.7,24,9.4,24,11.6,24,22.0,27.0,60.1, ,30.9, ,0.0,G,999.9,11000,33.24557770207057
26,26,26,26,26,26,26,26,26,26,26,26,26,26,72429793812,2017-01-27,39.106,-84.41609,144.8,"CINCINNATI MUNICIPAL AIRPORT LUNKEN FIELD, OH US",32.6,24,25.8,24,1015.6,12,997.6,24,8.5,24,10.9,24,15.0,19.0,36.0, ,30.0, ,0.01,G,999.9,1000,24.03303784586386
27,27,27,27,27,27,27,27,27,27,27,27,27,27,72429793812,2017-01-28,39.106,-84.41609,144.8,"CINCINNATI MUNICIPAL AIRPORT LUNKEN FIELD, OH US",32.1,24,23.1,24,1012.4,20,994.1,24,10.0,24,10.5,24,18.1,27.0,39.0, ,26.1, ,0.01,G,999.9,0,23.601564840361064
28,28,28,28,28,28,28,28,28,28,28,28,28,28,72429793812,2017-01-29,39.106,-84.41609,144.8,"CINCINNATI MUNICIPAL AIRPORT LUNKEN FIELD, OH US",32.5,24,25.5,24,1010.8,20,992.5,24,8.3,24,6.5,24,11.1,999.9,39.0, ,26.1, ,0.0,G,999.9,1000,26.450989759868836
29,29,29,29,29,29,29,29,29,29,29,29,29,29,72429793812,2017-01-30,39.106,-84.41609,144.8,"CINCINNATI MUNICIPAL AIRPORT LUNKEN FIELD, OH US",28.8,24,17.2,24,1016.3,23,997.7,24,9.6,24,9.0,24,15.0,19.0,35.1, ,21.9, ,0.01,G,999.9,1000,20.327304040620543
30,30,30,30,30,30,30,30,30,30,30,30,30,30,72429793812,2017-01-31,39.106,-84.41609,144.8,"CINCINNATI MUNICIPAL AIRPORT LUNKEN FIELD, OH US",41.2,24,27.7,24,1009.8,24,991.6,24,10.0,24,11.4,24,20.0,28.9,50.0, ,21.9, ,0.0,G,999.9,0,34.57445263287464
31,31,31,31,31,31,31,31,31,31,31,31,31,31,72429793812,2017-02-01,39.106,-84.41609,144.8,"CINCINNATI MUNICIPAL AIRPORT LUNKEN FIELD, OH US",42.0,24,30.4,24,1018.0,23,999.9,24,10.0,24,6.4,24,11.1,999.9,50.0, ,28.0, ,0.0,G,999.9,10000,37.89403285587676
32,32,32,32,32,32,32,32,32,32,32,32,32,32,72429793812,2017-02-02,39.106,-84.41609,144.8,"CINCINNATI MUNICIPAL AIRPORT LUNKEN FIELD, OH US",34.5,24,19.0,24,1026.0,24,7.5,24,10.0,24,6.0,24,8.9,15.0,44.1, ,28.9, ,0.0,G,999.9,0,29.20808659566561
33,33,33,33,33,33,33,33,33,33,33,33,33,33,72429793812,2017-02-03,39.106,-84.41609,144.8,"CINCINNATI MUNICIPAL AIRPORT LUNKEN FIELD, OH US",27.1,24,10.2,24,1030.1,24,11.4,24,10.0,24,6.3,24,11.1,999.9,39.0, ,23.0, ,0.0,G,999.9,0,20.142952605434054
34,34,34,34,34,34,34,34,34,34,34,34,34,34,72429793812,2017-02-04,39.106,-84.41609,144.8,"CINCINNATI MUNICIPAL AIRPORT LUNKEN FIELD, OH US",23.9,24,10.3,24,1032.3,24,13.4,24,9.6,24,3.0,24,8.0,999.9,37.0, ,12.0, ,0.0,G,999.9,0,9999.9
35,35,35,35,35,35,35,35,35,35,35,35,35,35,72429793812,2017-02-05,39.106,-84.41609,144.8,"CINCINNATI MUNICIPAL AIRPORT LUNKEN FIELD, OH US",41.5,24,22.9,24,1018.3,24,999.9,24,10.0,24,8.5,24,18.1,22.0,53.1,*,28.9,*,0.0,G,999.9,0,36.16983542326663
36,36,36,36,36,36,36,36,36,36,36,36,36,36,72429793812,2017-02-06,39.106,-84.41609,144.8,"CINCINNATI MUNICIPAL AIRPORT LUNKEN FIELD, OH US",39.6,24,33.6,24,1018.7,24,0.4,24,8.3,24,2.9,24,11.1,999.9,62.1, ,25.0, ,0.0,G,999.9,10000,9999.9
37,37,37,37,37,37,37,37,37,37,37,37,37,37,72429793812,2017-02-07,39.106,-84.41609,144.8,"CINCINNATI MUNICIPAL AIRPORT LUNKEN FIELD, OH US",58.6,24,55.2,24,1004.3,16,986.8,24,9.2,24,13.7,24,19.0,27.0,61.0,*,55.4,*,0.62,G,999.9,10010,9999.9
38,38,38,38,38,38,38,38,38,38,38,38,38,38,72429793812,2017-02-08,39.106,-84.41609,144.8,"CINCINNATI MUNICIPAL AIRPORT LUNKEN FIELD, OH US",46.6,24,41.4,24,1007.3,20,989.4,24,8.9,24,8.4,24,14.0,20.0,61.0, ,37.0, ,0.05,G,999.9,10000,42.45218531134599
39,39,39,39,39,39,39,39,39,39,39,39,39,39,72429793812,2017-02-09,39.106,-84.41609,144.8,"CINCINNATI MUNICIPAL AIRPORT LUNKEN FIELD, OH US",28.9,24,20.2,24,1022.7,17,1.7,24,8.9,24,10.3,24,15.9,22.0,37.0,*,23.0,*,0.08,G,999.9,11000,19.724614733334615
40,40,40,40,40,40,40,40,40,40,40,40,40,40,72429793812,2017-02-10,39.106,-84.41609,144.8,"CINCINNATI MUNICIPAL AIRPORT LUNKEN FIELD, OH US",29.7,24,14.9,24,1025.4,24,6.7,24,10.0,24,6.4,24,14.0,22.0,52.0, ,16.0, ,0.0,G,999.9,0,23.17289521971009
41,41,41,41,41,41,41,41,41,41,41,41,41,41,72429793812,2017-02-11,39.106,-84.41609,144.8,"CINCINNATI MUNICIPAL AIRPORT LUNKEN FIELD, OH US",56.5,24,40.2,24,1013.3,24,995.3,24,10.0,24,10.4,24,15.9,20.0,66.0,*,48.9,*,0.0,G,999.9,0,9999.9
42,42,42,42,42,42,42,42,42,42,42,42,42,42,72429793812,2017-02-12,39.106,-84.41609,144.8,"CINCINNATI MUNICIPAL AIRPORT LUNKEN FIELD, OH US",57.2,24,52.0,24,1013.4,17,994.9,24,8.5,24,7.8,24,18.1,28.9,66.9, ,48.0, ,0.21,G,999.9,10000,9999.9
43,43,43,43,43,43,43,43,43,43,43,43,43,43,72429793812,2017-02-13,39.106,-84.41609,144.8,"CINCINNATI MUNICIPAL AIRPORT LUNKEN FIELD, OH US",40.0,24,21.1,24,1026.2,24,7.9,24,10.0,24,4.8,24,13.0,28.0,63.0, ,27.0, ,0.16,G,999.9,0,36.629481175486546
44,44,44,44,44,44,44,44,44,44,44,44,44,44,72429793812,2017-02-14,39.106,-84.41609,144.8,"CINCINNATI MUNICIPAL AIRPORT LUNKEN FIELD, OH US",41.0,24,29.6,24,1015.7,23,997.4,24,10.0,24,5.9,24,15.9,22.0,53.1, ,27.0, ,0.0,G,999.9,0,37.0143154721045
45,45,45,45,45,45,45,45,45,45,45,45,45,45,72429793812,2017-02-15,39.106,-84.41609,144.8,"CINCINNATI MUNICIPAL AIRPORT LUNKEN FIELD, OH US",41.4,24,25.1,24,1008.6,23,990.6,24,10.0,24,9.6,24,15.0,22.0,53.1, ,30.9, ,0.0,G,999.9,0,35.54761135082117
46,46,46,46,46,46,46,46,46,46,46,46,46,46,72429793812,2017-02-16,39.106,-84.41609,144.8,"CINCINNATI MUNICIPAL AIRPORT LUNKEN FIELD, OH US",34.6,24,19.3,24,1014.8,24,996.5,24,10.0,24,4.5,24,9.9,999.9,45.0, ,28.9, ,0.0,G,999.9,0,30.583037248709438
47,47,47,47,47,47,47,47,47,47,47,47,47,47,72429793812,2017-02-17,39.106,-84.41609,144.8,"CINCINNATI MUNICIPAL AIRPORT LUNKEN FIELD, OH US",45.6,24,30.8,24,1011.0,24,992.9,24,10.0,24,4.7,24,15.0,19.0,66.9, ,28.9, ,0.0,G,999.9,0,43.257109980128135
48,48,48,48,48,48,48,48,48,48,48,48,48,48,72429793812,2017-02-18,39.106,-84.41609,144.8,"CINCINNATI MUNICIPAL AIRPORT LUNKEN FIELD, OH US",48.0,24,37.4,24,1011.1,24,993.1,24,10.0,24,5.1,24,15.9,999.9,66.9, ,30.0, ,0.0,G,999.9,0,45.80634860374195
49,49,49,49,49,49,49,49,49,49,49,49,49,49,72429793812,2017-02-19,39.106,-84.41609,144.8,"CINCINNATI MUNICIPAL AIRPORT LUNKEN FIELD, OH US",51.4,24,46.7,24,1016.8,22,998.7,24,8.5,24,5.1,24,9.9,999.9,64.9, ,30.9, ,0.0,G,999.9,0,9999.9
50,50,50,50,50,50,50,50,50,50,50,50,50,50,72429793812,2017-02-20,39.106,-84.41609,144.8,"CINCINNATI MUNICIPAL AIRPORT LUNKEN FIELD, OH US",47.1,24,42.9,24,1022.5,20,4.4,24,3.8,24,1.4,24,7.0,999.9,66.9, ,35.1, ,0.0,G,999.9,100000,9999.9
51,51,51,51,51,51,51,51,51,51,51,51,51,51,72429793812,2017-02-21,39.106,-84.41609,144.8,"CINCINNATI MUNICIPAL AIRPORT LUNKEN FIELD, OH US",52.1,24,46.3,24,1017.2,24,999.1,24,9.2,24,1.0,24,7.0,999.9,68.0, ,35.1, ,0.0,G,999.9,10000,9999.9
52,52,52,52,52,52,52,52,52,52,52,52,52,52,72429793812,2017-02-22,39.106,-84.41609,144.8,"CINCINNATI MUNICIPAL AIRPORT LUNKEN FIELD, OH US",57.2,24,55.8,24,1012.6,13,995.1,24,4.2,24,1.9,24,8.0,999.9,68.0, ,39.0, ,0.21,G,999.9,110000,9999.9
53,53,53,53,53,53,53,53,53,53,53,53,53,53,72429793812,2017-02-23,39.106,-84.41609,144.8,"CINCINNATI MUNICIPAL AIRPORT LUNKEN FIELD, OH US",60.8,24,56.4,24,1008.9,22,991.2,24,9.0,24,5.8,24,15.0,999.9,72.0, ,50.0, ,0.02,G,999.9,0,9999.9
54,54,54,54,54,54,54,54,54,54,54,54,54,54,72429793812,2017-02-24,39.106,-84.41609,144.8,"CINCINNATI MUNICIPAL AIRPORT LUNKEN FIELD, OH US",65.6,24,54.7,24,1004.8,24,987.2,24,10.0,24,10.0,24,21.0,28.9,79.0, ,50.0, ,0.0,G,999.9,0,9999.9
55,55,55,55,55,55,55,55,55,55,55,55,55,55,72429793812,2017-02-25,39.106,-84.41609,144.8,"CINCINNATI MUNICIPAL AIRPORT LUNKEN FIELD, OH US",44.4,24,33.4,24,1008.5,23,990.3,24,9.9,24,11.7,24,20.0,28.0,71.1,*,33.1,*,0.17,G,999.9,10010,38.47942057342061
56,56,56,56,56,56,56,56,56,56,56,56,56,56,72429793812,2017-02-26,39.106,-84.41609,144.8,"CINCINNATI MUNICIPAL AIRPORT LUNKEN FIELD, OH US",34.3,24,17.8,24,1021.7,24,3.3,24,10.0,24,6.8,24,12.0,18.1,55.0, ,24.1, ,0.0,G,999.9,0,28.40174647984074
57,57,57,57,57,57,57,57,57,57,57,57,57,57,72429793812,2017-02-27,39.106,-84.41609,144.8,"CINCINNATI MUNICIPAL AIRPORT LUNKEN FIELD, OH US",42.8,24,34.6,24,1024.0,22,5.7,24,9.7,24,2.7,24,7.0,999.9,50.0, ,24.1, ,0.0,G,999.9,10000,9999.9
58,58,58,58,58,58,58,58,58,58,58,58,58,58,72429793812,2017-02-28,39.106,-84.41609,144.8,"CINCINNATI MUNICIPAL AIRPORT LUNKEN FIELD, OH US",45.2,24,44.8,24,1021.1,11,0.8,24,6.2,24,2.5,24,15.9,999.9,55.9, ,34.0, ,0.2,G,999.9,110010,9999.9
59,59,59,59,59,59,59,59,59,59,59,59,59,59,72429793812,2017-03-01,39.106,-84.41609,144.8,"CINCINNATI MUNICIPAL AIRPORT LUNKEN FIELD, OH US",58.3,24,52.0,18,1007.2,16,988.2,23,8.9,24,12.4,24,29.9,40.0,64.4,*,46.0,*,2.84,G,999.9,10010,9999.9
60,60,60,60,60,60,60,60,60,60,60,60,60,60,72429793812,2017-03-02,39.106,-84.41609,144.8,"CINCINNATI MUNICIPAL AIRPORT LUNKEN FIELD, OH US",41.0,24,25.2,24,1021.5,24,3.2,24,10.0,24,13.0,24,21.0,34.0,46.0,*,37.0,*,0.57,G,999.9,10000,33.752750093870986
61,61,61,61,61,61,61,61,61,61,61,61,61,61,72429793812,2017-03-03,39.106,-84.41609,144.8,"CINCINNATI MUNICIPAL AIRPORT LUNKEN FIELD, OH US",35.0,24,17.0,24,1032.5,23,13.9,24,9.7,24,8.5,24,12.0,22.0,41.0,*,28.4,*,0.0,G,999.9,1000,28.216665030118975
62,62,62,62,62,62,62,62,62,62,62,62,62,62,72429793812,2017-03-04,39.106,-84.41609,144.8,"CINCINNATI MUNICIPAL AIRPORT LUNKEN FIELD, OH US",32.9,24,22.4,24,1036.7,20,18.4,24,8.9,24,3.8,24,11.1,15.9,42.1,*,26.6,*,0.0,G,999.9,101000,29.338245280880418
63,63,63,63,63,63,63,63,63,63,63,63,63,63,72429793812,2017-03-05,39.106,-84.41609,144.8,"CINCINNATI MUNICIPAL AIRPORT LUNKEN FIELD, OH US",43.0,24,27.2,24,1030.9,24,12.3,24,10.0,24,4.5,24,15.0,22.0,66.9, ,27.0, ,0.07,G,999.9,0,40.371672086120725
64,64,64,64,64,64,64,64,64,64,64,64,64,64,72429793812,2017-03-06,39.106,-84.41609,144.8,"CINCINNATI MUNICIPAL AIRPORT LUNKEN FIELD, OH US",55.1,24,44.5,24,1023.2,23,5.2,24,9.4,24,8.9,24,13.0,20.0,57.9,*,50.0,*,0.0,G,999.9,10000,9999.9
65,65,65,65,65,65,65,65,65,65,65,65,65,65,72429793812,2017-03-07,39.106,-84.41609,144.8,"CINCINNATI MUNICIPAL AIRPORT LUNKEN FIELD, OH US",56.8,24,52.5,23,1015.5,18,997.5,24,7.9,24,10.6,24,17.1,24.1,61.0, ,50.0, ,0.22,G,999.9,10000,9999.9
66,66,66,66,66,66,66,66,66,66,66,66,66,66,72429793812,2017-03-08,39.106,-84.41609,144.8,"CINCINNATI MUNICIPAL AIRPORT LUNKEN FIELD, OH US",49.5,24,31.6,24,1021.9,24,3.7,24,10.0,24,12.0,24,20.0,28.0,62.1, ,37.9, ,0.43,G,999.9,0,44.792887354699204
67,67,67,67,67,67,67,67,67,67,67,67,67,67,72429793812,2017-03-09,39.106,-84.41609,144.8,"CINCINNATI MUNICIPAL AIRPORT LUNKEN FIELD, OH US",49.2,24,33.6,24,1020.6,24,2.4,24,10.0,24,5.0,24,18.1,24.1,70.0, ,30.9, ,0.0,G,999.9,0,47.27834596782374
68,68,68,68,68,68,68,68,68,68,68,68,68,68,72429793812,2017-03-10,39.106,-84.41609,144.8,"CINCINNATI MUNICIPAL AIRPORT LUNKEN FIELD, OH US",42.0,24,26.4,24,1021.7,23,3.3,24,9.9,24,10.9,24,15.9,25.1,70.0, ,30.9, ,0.09,G,999.9,10000,35.76428236950271
69,69,69,69,69,69,69,69,69,69,69,69,69,69,72429793812,2017-03-11,39.106,-84.41609,144.8,"CINCINNATI MUNICIPAL AIRPORT LUNKEN FIELD, OH US",30.3,24,10.2,24,1030.5,24,11.8,24,10.0,24,7.6,24,14.0,18.1,44.1, ,24.1, ,0.04,G,999.9,0,23.035703829189618
70,70,70,70,70,70,70,70,70,70,70,70,70,70,72429793812,2017-03-12,39.106,-84.41609,144.8,"CINCINNATI MUNICIPAL AIRPORT LUNKEN FIELD, OH US",30.7,24,12.8,24,1030.9,24,12.2,24,10.0,24,4.5,24,8.0,999.9,39.9, ,21.9, ,0.0,G,999.9,0,26.03831393133991
71,71,71,71,71,71,71,71,71,71,71,71,71,71,72429793812,2017-03-13,39.106,-84.41609,144.8,"CINCINNATI MUNICIPAL AIRPORT LUNKEN FIELD, OH US",34.0,24,20.4,24,1023.6,21,4.4,24,8.9,24,5.6,24,13.0,999.9,43.0, ,21.9, ,0.0,G,999.9,101000,28.922846464371116
72,72,72,72,72,72,72,72,72,72,72,72,72,72,72429793812,2017-03-14,39.106,-84.41609,144.8,"CINCINNATI MUNICIPAL AIRPORT LUNKEN FIELD, OH US",28.9,24,20.8,24,1020.3,21,1.4,24,8.3,24,11.1,24,19.0,25.1,43.0, ,23.0, ,0.05,G,999.9,1000,19.31553146000062
73,73,73,73,73,73,73,73,73,73,73,73,73,73,72429793812,2017-03-15,39.106,-84.41609,144.8,"CINCINNATI MUNICIPAL AIRPORT LUNKEN FIELD, OH US",26.1,24,11.3,24,1026.2,23,7.4,24,9.9,24,8.3,24,14.0,22.0,34.0, ,19.0, ,0.0,G,999.9,1000,17.458634479373615
74,74,74,74,74,74,74,74,74,74,74,74,74,74,72429793812,2017-03-16,39.106,-84.41609,144.8,"CINCINNATI MUNICIPAL AIRPORT LUNKEN FIELD, OH US",31.4,24,13.7,24,1028.7,24,10.0,24,10.0,24,4.6,24,9.9,999.9,44.1, ,19.0, ,0.0,G,999.9,0,26.753981779429427
75,75,75,75,75,75,75,75,75,75,75,75,75,75,72429793812,2017-03-17,39.106,-84.41609,144.8,"CINCINNATI MUNICIPAL AIRPORT LUNKEN FIELD, OH US",32.5,24,27.6,24,1024.9,19,5.5,24,7.9,24,2.0,24,8.0,999.9,44.1, ,19.9, ,0.0,G,999.9,10000,9999.9
76,76,76,76,76,76,76,76,76,76,76,76,76,76,72429793812,2017-03-18,39.106,-84.41609,144.8,"CINCINNATI MUNICIPAL AIRPORT LUNKEN FIELD, OH US",41.5,24,37.8,24,1020.6,15,1.7,24,5.8,24,5.2,24,12.0,22.9,46.4,*,39.0,*,0.13,G,999.9,100000,38.0875810774964
77,77,77,77,77,77,77,77,77,77,77,77,77,77,72429793812,2017-03-19,39.106,-84.41609,144.8,"CINCINNATI MUNICIPAL AIRPORT LUNKEN FIELD, OH US",42.0,24,32.8,24,1027.4,22,8.8,24,10.0,24,3.0,24,8.0,999.9,51.1, ,37.9, ,0.0,G,999.9,0,9999.9
78,78,78,78,78,78,78,78,78,78,78,78,78,78,72429793812,2017-03-20,39.106,-84.41609,144.8,"CINCINNATI MUNICIPAL AIRPORT LUNKEN FIELD, OH US",39.6,24,36.3,24,1021.9,19,3.2,24,8.1,24,3.5,24,15.9,26.0,53.1, ,28.9, ,0.0,G,999.9,10010,37.35321401347416
79,79,79,79,79,79,79,79,79,79,79,79,79,79,72429793812,2017-03-21,39.106,-84.41609,144.8,"CINCINNATI MUNICIPAL AIRPORT LUNKEN FIELD, OH US",51.5,24,45.6,24,1018.0,19,0.1,24,6.3,24,4.3,24,14.0,999.9,61.0,*,46.4,*,1.2,G,999.9,10000,9999.9
80,80,80,80,80,80,80,80,80,80,80,80,80,80,72429793812,2017-03-22,39.106,-84.41609,144.8,"CINCINNATI MUNICIPAL AIRPORT LUNKEN FIELD, OH US",38.9,24,22.9,24,1029.3,24,10.9,24,10.0,24,10.7,24,15.0,24.1,62.1, ,28.9, ,0.0,G,999.9,0,31.97837201007632
81,81,81,81,81,81,81,81,81,81,81,81,81,81,72429793812,2017-03-23,39.106,-84.41609,144.8,"CINCINNATI MUNICIPAL AIRPORT LUNKEN FIELD, OH US",39.8,24,21.5,24,1030.9,24,12.3,24,10.0,24,5.8,24,8.9,999.9,61.0, ,26.1, ,0.0,G,999.9,0,35.655014786327385
82,82,82,82,82,82,82,82,82,82,82,82,82,82,72429793812,2017-03-24,39.106,-84.41609,144.8,"CINCINNATI MUNICIPAL AIRPORT LUNKEN FIELD, OH US",58.9,24,45.4,24,1022.0,24,3.9,24,10.0,24,7.7,24,17.1,25.1,73.9,*,44.1,*,0.0,G,999.9,0,9999.9
83,83,83,83,83,83,83,83,83,83,83,83,83,83,72429793812,2017-03-25,39.106,-84.41609,144.8,"CINCINNATI MUNICIPAL AIRPORT LUNKEN FIELD, OH US",65.3,24,52.1,24,1019.1,24,1.2,24,10.0,24,7.5,24,15.9,21.0,75.9, ,41.0, ,0.0,G,999.9,0,9999.9
84,84,84,84,84,84,84,84,84,84,84,84,84,84,72429793812,2017-03-26,39.106,-84.41609,144.8,"CINCINNATI MUNICIPAL AIRPORT LUNKEN FIELD, OH US",61.7,24,55.1,22,1015.0,17,997.3,24,8.9,24,5.8,24,26.0,33.0,75.9, ,53.1, ,0.01,G,999.9,10000,9999.9
85,85,85,85,85,85,85,85,85,85,85,85,85,85,72429793812,2017-03-27,39.106,-84.41609,144.8,"CINCINNATI MUNICIPAL AIRPORT LUNKEN FIELD, OH US",55.5,24,52.7,14,1014.2,20,996.4,24,5.3,24,2.8,24,8.9,999.9,70.0, ,43.0, ,0.62,G,999.9,110000,9999.9
86,86,86,86,86,86,86,86,86,86,86,86,86,86,72429793812,2017-03-28,39.106,-84.41609,144.8,"CINCINNATI MUNICIPAL AIRPORT LUNKEN FIELD, OH US",57.9,24,55.1,24,1013.6,19,995.5,24,8.2,24,5.7,24,11.1,999.9,70.0, ,43.0, ,0.13,G,999.9,10000,9999.9
87,87,87,87,87,87,87,87,87,87,87,87,87,87,72429793812,2017-03-29,39.106,-84.41609,144.8,"CINCINNATI MUNICIPAL AIRPORT LUNKEN FIELD, OH US",51.9,24,45.4,24,1021.1,22,3.2,24,10.0,24,7.7,24,12.0,999.9,62.1, ,44.1, ,0.0,G,999.9,0,9999.9
88,88,88,88,88,88,88,88,88,88,88,88,88,88,72429793812,2017-03-30,39.106,-84.41609,144.8,"CINCINNATI MUNICIPAL AIRPORT LUNKEN FIELD, OH US",60.6,24,50.1,24,1010.0,24,992.2,24,10.0,24,5.8,24,20.0,26.0,78.1, ,44.1, ,0.01,G,999.9,10000,9999.9
89,89,89,89,89,89,89,89,89,89,89,89,89,89,72429793812,2017-03-31,39.106,-84.41609,144.8,"CINCINNATI MUNICIPAL AIRPORT LUNKEN FIELD, OH US",57.0,24,53.8,24,1004.4,17,986.9,24,9.2,24,6.5,24,14.0,22.0,78.1, ,48.0, ,0.52,G,999.9,10000,9999.9
90,90,90,90,90,90,90,90,90,90,90,90,90,90,72429793812,2017-04-01,39.106,-84.41609,144.8,"CINCINNATI MUNICIPAL AIRPORT LUNKEN FIELD, OH US",45.7,24,40.5,24,1019.3,18,1.2,24,10.0,24,6.2,24,9.9,14.0,57.9, ,42.1, ,0.01,G,999.9,0,42.43290360934124
91,91,91,91,91,91,91,91,91,91,91,91,91,91,72429793812,2017-04-02,39.106,-84.41609,144.8,"CINCINNATI MUNICIPAL AIRPORT LUNKEN FIELD, OH US",47.3,24,39.5,24,1021.9,18,4.5,23,7.5,24,3.1,24,8.0,999.9,64.9, ,33.1, ,0.0,G,999.9,100000,46.526008132374024
92,92,92,92,92,92,92,92,92,92,92,92,92,92,72429793812,2017-04-03,39.106,-84.41609,144.8,"CINCINNATI MUNICIPAL AIRPORT LUNKEN FIELD, OH US",56.0,24,50.8,24,1007.1,24,989.2,23,9.7,24,3.2,24,11.1,20.0,68.0, ,33.1, ,0.0,G,999.9,10000,9999.9
93,93,93,93,93,93,93,93,93,93,93,93,93,93,72429793812,2017-04-04,39.106,-84.41609,144.8,"CINCINNATI MUNICIPAL AIRPORT LUNKEN FIELD, OH US",60.8,24,53.9,24,1003.4,20,985.6,24,9.8,24,10.5,24,17.1,25.1,68.0, ,46.9, ,0.17,G,999.9,10000,9999.9
94,94,94,94,94,94,94,94,94,94,94,94,94,94,72429793812,2017-04-05,39.106,-84.41609,144.8,"CINCINNATI MUNICIPAL AIRPORT LUNKEN FIELD, OH US",58.7,24,49.1,24,1007.7,23,989.5,24,10.0,24,7.2,24,21.0,32.1,80.1, ,46.0, ,0.01,G,999.9,10010,9999.9
95,95,95,95,95,95,95,95,95,95,95,95,95,95,72429793812,2017-04-06,39.106,-84.41609,144.8,"CINCINNATI MUNICIPAL AIRPORT LUNKEN FIELD, OH US",49.4,24,45.2,24,998.3,16,982.3,24,9.0,24,10.2,24,17.1,28.9,59.0,*,42.1,*,0.3,G,999.9,10010,45.22603295586655
96,96,96,96,96,96,96,96,96,96,96,96,96,96,72429793812,2017-04-07,39.106,-84.41609,144.8,"CINCINNATI MUNICIPAL AIRPORT LUNKEN FIELD, OH US",45.0,24,31.4,24,1014.2,22,996.0,24,10.0,24,10.1,24,18.1,34.0,57.9, ,37.0, ,0.13,G,999.9,10000,39.80164668178857
97,97,97,97,97,97,97,97,97,97,97,97,97,97,72429793812,2017-04-08,39.106,-84.41609,144.8,"CINCINNATI MUNICIPAL AIRPORT LUNKEN FIELD, OH US",48.3,24,29.1,24,1019.3,24,1.2,24,10.0,24,2.7,24,7.0,999.9,64.0, ,30.0, ,0.0,G,999.9,0,9999.9
98,98,98,98,98,98,98,98,98,98,98,98,98,98,72429793812,2017-04-09,39.106,-84.41609,144.8,"CINCINNATI MUNICIPAL AIRPORT LUNKEN FIELD, OH US",55.8,24,40.7,24,1016.8,24,998.8,24,10.0,24,5.5,24,15.9,24.1,75.9, ,30.0, ,0.0,G,999.9,0,9999.9
99,99,99,99,99,99,99,99,99,99,99,99,99,99,72429793812,2017-04-10,39.106,-84.41609,144.8,"CINCINNATI MUNICIPAL AIRPORT LUNKEN FIELD, OH US",67.2,24,45.1,24,1016.1,24,998.3,24,10.0,24,11.7,24,18.1,24.1,78.1,*,57.0,*,0.0,G,999.9,0,9999.9
100,100,100,100,100,100,100,100,100,100,100,100,100,100,72429793812,2017-04-11,39.106,-84.41609,144.8,"CINCINNATI MUNICIPAL AIRPORT LUNKEN FIELD, OH US",63.9,24,54.4,24,1019.5,18,2.0,24,9.3,24,6.5,24,14.0,24.1,79.0, ,55.9, ,0.26,G,999.9,10010,9999.9
101,101,101,101,101,101,101,101,101,101,101,101,101,101,72429793812,2017-04-12,39.106,-84.41609,144.8,"CINCINNATI MUNICIPAL AIRPORT LUNKEN FIELD, OH US",57.5,24,46.2,24,1026.8,23,8.6,24,9.6,24,3.7,24,8.0,999.9,70.0, ,42.1, ,0.18,G,999.9,100000,9999.9
102,102,102,102,102,102,102,102,102,102,102,102,102,102,72429793812,2017-04-13,39.106,-84.41609,144.8,"CINCINNATI MUNICIPAL AIRPORT LUNKEN FIELD, OH US",58.2,24,45.9,24,1026.6,20,8.6,24,8.6,24,2.0,24,9.9,999.9,78.1, ,39.9, ,0.0,G,999.9,0,9999.9
103,103,103,103,103,103,103,103,103,103,103,103,103,103,72429793812,2017-04-14,39.106,-84.41609,144.8,"CINCINNATI MUNICIPAL AIRPORT LUNKEN FIELD, OH US",62.5,24,50.6,24,1023.2,24,5.3,24,10.0,24,0.8,24,4.1,999.9,82.0, ,39.9, ,0.0,G,999.9,0,9999.9
104,104,104,104,104,104,104,104,104,104,104,104,104,104,72429793812,2017-04-15,39.106,-84.41609,144.8,"CINCINNATI MUNICIPAL AIRPORT LUNKEN FIELD, OH US",67.3,24,57.5,24,1020.6,24,2.9,24,9.8,24,5.8,24,17.1,26.0,82.0, ,46.0, ,0.0,G,999.9,10000,9999.9
105,105,105,105,105,105,105,105,105,105,105,105,105,105,72429793812,2017-04-16,39.106,-84.41609,144.8,"CINCINNATI MUNICIPAL AIRPORT LUNKEN FIELD, OH US",68.3,24,59.6,24,1017.0,21,999.2,24,9.4,24,10.7,24,18.1,32.1,82.0, ,55.9, ,0.17,G,999.9,10010,9999.9
106,106,106,106,106,106,106,106,106,106,106,106,106,106,72429793812,2017-04-17,39.106,-84.41609,144.8,"CINCINNATI MUNICIPAL AIRPORT LUNKEN FIELD, OH US",64.2,24,53.5,24,1019.9,19,1.7,24,9.4,24,4.7,24,9.9,999.9,80.1, ,57.9, ,2.23,G,999.9,10000,9999.9
107,107,107,107,107,107,107,107,107,107,107,107,107,107,72429793812,2017-04-18,39.106,-84.41609,144.8,"CINCINNATI MUNICIPAL AIRPORT LUNKEN FIELD, OH US",60.7,24,49.3,24,1021.9,24,3.9,24,10.0,24,4.3,24,12.0,17.1,78.1, ,43.0, ,0.0,G,999.9,0,9999.9
108,108,108,108,108,108,108,108,108,108,108,108,108,108,72429793812,2017-04-19,39.106,-84.41609,144.8,"CINCINNATI MUNICIPAL AIRPORT LUNKEN FIELD, OH US",69.0,24,62.5,24,1019.6,22,1.9,24,10.0,24,7.1,24,12.0,15.0,79.0,*,61.0,*,0.0,G,999.9,0,9999.9
109,109,109,109,109,109,109,109,109,109,109,109,109,109,72429793812,2017-04-20,39.106,-84.41609,144.8,"CINCINNATI MUNICIPAL AIRPORT LUNKEN FIELD, OH US",68.3,24,61.7,24,1016.0,17,998.6,24,7.8,24,6.3,24,19.0,24.1,82.0, ,55.9, ,0.0,G,999.9,110000,9999.9
110,110,110,110,110,110,110,110,110,110,110,110,110,110,72429793812,2017-04-21,39.106,-84.41609,144.8,"CINCINNATI MUNICIPAL AIRPORT LUNKEN FIELD, OH US",61.6,24,53.7,24,1015.1,21,997.1,24,9.7,24,6.5,24,15.0,21.0,82.0, ,54.0, ,0.42,G,999.9,10010,9999.9
111,111,111,111,111,111,111,111,111,111,111,111,111,111,72429793812,2017-04-22,39.106,-84.41609,144.8,"CINCINNATI MUNICIPAL AIRPORT LUNKEN FIELD, OH US",51.1,24,44.2,24,1017.2,22,999.2,24,9.8,24,8.2,24,14.0,19.0,66.9, ,48.0, ,0.17,G,999.9,10000,9999.9
112,112,112,112,112,112,112,112,112,112,112,112,112,112,72429793812,2017-04-23,39.106,-84.41609,144.8,"CINCINNATI MUNICIPAL AIRPORT LUNKEN FIELD, OH US",51.4,24,39.8,24,1017.0,24,998.9,24,10.0,24,7.1,24,12.0,20.0,63.0, ,37.9, ,0.02,G,999.9,0,9999.9
113,113,113,113,113,113,113,113,113,113,113,113,113,113,72429793812,2017-04-24,39.106,-84.41609,144.8,"CINCINNATI MUNICIPAL AIRPORT LUNKEN FIELD, OH US",57.2,24,47.7,24,1012.9,24,995.0,24,10.0,24,5.3,24,11.1,21.0,73.0, ,37.9, ,0.0,G,999.9,0,9999.9
114,114,114,114,114,114,114,114,114,114,114,114,114,114,72429793812,2017-04-25,39.106,-84.41609,144.8,"CINCINNATI MUNICIPAL AIRPORT LUNKEN FIELD, OH US",63.2,24,55.8,24,1008.3,24,990.6,24,9.8,24,3.2,24,7.0,999.9,77.0, ,42.1, ,0.0,G,999.9,0,9999.9
115,115,115,115,115,115,115,115,115,115,115,115,115,115,72429793812,2017-04-26,39.106,-84.41609,144.8,"CINCINNATI MUNICIPAL AIRPORT LUNKEN FIELD, OH US",66.3,24,58.4,24,1004.2,19,987.0,24,8.2,24,5.5,24,15.0,22.0,82.0, ,48.0, ,0.0,G,999.9,100000,9999.9
116,116,116,116,116,116,116,116,116,116,116,116,116,116,72429793812,2017-04-27,39.106,-84.41609,144.8,"CINCINNATI MUNICIPAL AIRPORT LUNKEN FIELD, OH US",65.5,24,56.7,24,1003.4,22,985.8,24,9.7,24,7.4,24,15.9,25.1,82.0, ,51.1, ,0.0,G,999.9,10000,9999.9
117,117,117,117,117,117,117,117,117,117,117,117,117,117,72429793812,2017-04-28,39.106,-84.41609,144.8,"CINCINNATI MUNICIPAL AIRPORT LUNKEN FIELD, OH US",57.5,24,52.0,24,1014.0,20,996.2,24,8.6,24,2.9,24,7.0,999.9,75.0, ,44.1, ,0.05,G,999.9,10010,9999.9
118,118,118,118,118,118,118,118,118,118,118,118,118,118,72429793812,2017-04-29,39.106,-84.41609,144.8,"CINCINNATI MUNICIPAL AIRPORT LUNKEN FIELD, OH US",67.9,24,64.5,24,1015.5,13,997.4,24,8.6,24,4.9,24,22.9,28.9,80.1,*,61.0,*,0.79,G,999.9,110010,9999.9
119,119,119,119,119,119,119,119,119,119,119,119,119,119,72429793812,2017-04-30,39.106,-84.41609,144.8,"CINCINNATI MUNICIPAL AIRPORT LUNKEN FIELD, OH US",72.0,24,66.5,24,1012.2,22,994.7,24,7.7,24,7.0,24,19.0,29.9,82.0, ,61.0, ,1.35,G,999.9,100000,9999.9
120,120,120,120,120,120,120,120,120,120,120,120,120,120,72429793812,2017-05-01,39.106,-84.41609,144.8,"CINCINNATI MUNICIPAL AIRPORT LUNKEN FIELD, OH US",65.6,24,57.6,24,1004.4,24,987.0,24,9.5,24,13.6,24,25.1,39.0,82.0, ,55.9, ,0.2,G,999.9,10000,9999.9
121,121,121,121,121,121,121,121,121,121,121,121,121,121,72429793812,2017-05-02,39.106,-84.41609,144.8,"CINCINNATI MUNICIPAL AIRPORT LUNKEN FIELD, OH US",56.7,24,42.9,24,1009.1,23,991.2,24,10.0,24,14.9,24,22.0,29.9,71.1, ,48.0, ,0.04,G,999.9,10000,9999.9
122,122,122,122,122,122,122,122,122,122,122,122,122,122,72429793812,2017-05-03,39.106,-84.41609,144.8,"CINCINNATI MUNICIPAL AIRPORT LUNKEN FIELD, OH US",52.5,24,41.4,24,1019.3,24,1.1,24,10.0,24,5.1,24,15.9,22.0,66.9, ,42.1, ,0.01,G,999.9,10000,9999.9
123,123,123,123,123,123,123,123,123,123,123,123,123,123,72429793812,2017-05-04,39.106,-84.41609,144.8,"CINCINNATI MUNICIPAL AIRPORT LUNKEN FIELD, OH US",54.2,24,50.0,24,1010.7,24,992.9,24,8.4,24,5.0,24,8.9,999.9,61.0, ,42.1, ,0.0,G,999.9,10000,9999.9
124,124,124,124,124,124,124,124,124,124,124,124,124,124,72429793812,2017-05-05,39.106,-84.41609,144.8,"CINCINNATI MUNICIPAL AIRPORT LUNKEN FIELD, OH US",52.1,24,51.2,24,1000.4,12,982.5,24,5.5,24,8.8,24,15.9,22.9,60.1,*,46.4,*,0.87,G,999.9,10000,9999.9
125,125,125,125,125,125,125,125,125,125,125,125,125,125,72429793812,2017-05-06,39.106,-84.41609,144.8,"CINCINNATI MUNICIPAL AIRPORT LUNKEN FIELD, OH US",51.0,24,42.4,24,1005.6,23,987.7,24,10.0,24,6.0,24,13.0,21.0,62.1, ,41.0, ,0.44,G,999.9,0,9999.9
126,126,126,126,126,126,126,126,126,126,126,126,126,126,72429793812,2017-05-07,39.106,-84.41609,144.8,"CINCINNATI MUNICIPAL AIRPORT LUNKEN FIELD, OH US",52.6,24,32.3,24,1012.9,24,994.9,24,10.0,24,8.8,24,15.9,25.1,63.0, ,39.9, ,0.0,G,999.9,0,9999.9
127,127,127,127,127,127,127,127,127,127,127,127,127,127,72429793812,2017-05-08,39.106,-84.41609,144.8,"CINCINNATI MUNICIPAL AIRPORT LUNKEN FIELD, OH US",50.3,24,31.7,24,1018.7,24,0.6,24,10.0,24,3.5,24,9.9,21.0,66.9, ,30.9, ,0.0,G,999.9,0,9999.9
128,128,128,128,128,128,128,128,128,128,128,128,128,128,72429793812,2017-05-09,39.106,-84.41609,144.8,"CINCINNATI MUNICIPAL AIRPORT LUNKEN FIELD, OH US",54.4,24,51.4,24,1015.3,18,997.4,24,8.0,24,3.1,24,7.0,999.9,62.1,*,50.0,*,0.28,G,999.9,10000,9999.9
129,129,129,129,129,129,129,129,129,129,129,129,129,129,72429793812,2017-05-10,39.106,-84.41609,144.8,"CINCINNATI MUNICIPAL AIRPORT LUNKEN FIELD, OH US",62.9,24,58.4,24,1013.6,18,996.1,24,6.5,24,1.8,24,8.9,999.9,82.0, ,50.0, ,0.65,G,999.9,0,9999.9
130,130,130,130,130,130,130,130,130,130,130,130,130,130,72429793812,2017-05-11,39.106,-84.41609,144.8,"CINCINNATI MUNICIPAL AIRPORT LUNKEN FIELD, OH US",67.6,24,63.2,24,1010.6,21,993.1,24,10.0,24,7.0,24,12.0,999.9,82.0, ,54.0, ,0.05,G,999.9,10000,9999.9
131,131,131,131,131,131,131,131,131,131,131,131,131,131,72429793812,2017-05-12,39.106,-84.41609,144.8,"CINCINNATI MUNICIPAL AIRPORT LUNKEN FIELD, OH US",59.1,24,52.8,24,1011.6,19,993.9,24,10.0,24,5.2,24,9.9,999.9,73.0, ,54.0, ,0.0,A,999.9,0,9999.9
132,132,132,132,132,132,132,132,132,132,132,132,132,132,72429793812,2017-05-13,39.106,-84.41609,144.8,"CINCINNATI MUNICIPAL AIRPORT LUNKEN FIELD, OH US",58.5,24,49.4,24,1012.4,18,994.6,24,7.1,24,2.2,24,11.1,999.9,75.0, ,42.1, ,0.0,G,999.9,100000,9999.9
133,133,133,133,133,133,133,133,133,133,133,133,133,133,72429793812,2017-05-14,39.106,-84.41609,144.8,"CINCINNATI MUNICIPAL AIRPORT LUNKEN FIELD, OH US",66.3,24,53.9,24,1012.1,24,994.3,24,9.7,24,6.0,24,14.0,25.1,82.9, ,42.1, ,0.0,G,999.9,0,9999.9
134,134,134,134,134,134,134,134,134,134,134,134,134,134,72429793812,2017-05-15,39.106,-84.41609,144.8,"CINCINNATI MUNICIPAL AIRPORT LUNKEN FIELD, OH US",69.0,24,56.3,24,1014.9,24,997.2,24,10.0,24,3.0,24,7.0,999.9,82.9, ,50.0, ,0.0,G,999.9,0,9999.9
135,135,135,135,135,135,135,135,135,135,135,135,135,135,72429793812,2017-05-16,39.106,-84.41609,144.8,"CINCINNATI MUNICIPAL AIRPORT LUNKEN FIELD, OH US",71.1,24,61.8,24,1014.8,23,997.1,24,9.0,24,5.0,24,15.0,19.0,84.9, ,55.9, ,0.0,G,999.9,0,9999.9
136,136,136,136,136,136,136,136,136,136,136,136,136,136,72429793812,2017-05-17,39.106,-84.41609,144.8,"CINCINNATI MUNICIPAL AIRPORT LUNKEN FIELD, OH US",72.8,24,63.3,24,1013.2,24,995.6,24,9.7,24,7.3,24,15.9,28.9,84.9, ,55.9, ,0.0,G,999.9,0,9999.9
137,137,137,137,137,137,137,137,137,137,137,137,137,137,72429793812,2017-05-18,39.106,-84.41609,144.8,"CINCINNATI MUNICIPAL AIRPORT LUNKEN FIELD, OH US",76.0,24,66.2,24,1012.8,24,995.2,24,10.0,24,8.3,24,14.0,20.0,84.9, ,59.0, ,0.0,G,999.9,0,9999.9
138,138,138,138,138,138,138,138,138,138,138,138,138,138,72429793812,2017-05-19,39.106,-84.41609,144.8,"CINCINNATI MUNICIPAL AIRPORT LUNKEN FIELD, OH US",72.4,24,67.8,24,1014.7,21,997.2,24,8.7,24,4.3,24,13.0,38.1,86.0, ,63.0, ,0.0,G,999.9,110010,9999.9
139,139,139,139,139,139,139,139,139,139,139,139,139,139,72429793812,2017-05-20,39.106,-84.41609,144.8,"CINCINNATI MUNICIPAL AIRPORT LUNKEN FIELD, OH US",68.3,24,66.0,24,1017.2,17,999.7,24,6.5,24,4.5,24,8.0,999.9,86.0, ,62.1, ,0.43,G,999.9,110010,9999.9
140,140,140,140,140,140,140,140,140,140,140,140,140,140,72429793812,2017-05-21,39.106,-84.41609,144.8,"CINCINNATI MUNICIPAL AIRPORT LUNKEN FIELD, OH US",69.4,24,66.8,24,1015.8,18,998.2,24,9.4,24,5.7,24,15.0,25.1,80.1, ,62.1, ,0.55,G,999.9,10010,9999.9
141,141,141,141,141,141,141,141,141,141,141,141,141,141,72429793812,2017-05-22,39.106,-84.41609,144.8,"CINCINNATI MUNICIPAL AIRPORT LUNKEN FIELD, OH US",63.1,24,49.8,24,1018.6,24,0.8,24,10.0,24,3.5,24,8.0,15.9,79.0, ,50.0, ,0.01,G,999.9,0,9999.9
142,142,142,142,142,142,142,142,142,142,142,142,142,142,72429793812,2017-05-23,39.106,-84.41609,144.8,"CINCINNATI MUNICIPAL AIRPORT LUNKEN FIELD, OH US",61.4,24,52.4,24,1010.9,23,993.2,24,9.2,24,2.7,24,8.0,999.9,75.9, ,46.0, ,0.0,G,999.9,100000,9999.9
143,143,143,143,143,143,143,143,143,143,143,143,143,143,72429793812,2017-05-24,39.106,-84.41609,144.8,"CINCINNATI MUNICIPAL AIRPORT LUNKEN FIELD, OH US",64.6,24,59.9,24,999.7,17,981.7,24,8.4,24,3.7,24,11.1,999.9,75.9, ,46.0, ,0.0,G,999.9,10010,9999.9
144,144,144,144,144,144,144,144,144,144,144,144,144,144,72429793812,2017-05-25,39.106,-84.41609,144.8,"CINCINNATI MUNICIPAL AIRPORT LUNKEN FIELD, OH US",61.5,24,59.4,24,996.8,7,979.3,24,8.1,24,7.1,24,15.9,22.9,73.0, ,55.9, ,1.05,G,999.9,10010,9999.9
145,145,145,145,145,145,145,145,145,145,145,145,145,145,72429793812,2017-05-26,39.106,-84.41609,144.8,"CINCINNATI MUNICIPAL AIRPORT LUNKEN FIELD, OH US",66.3,24,57.6,24,1011.0,23,993.1,24,9.6,24,6.4,24,11.1,999.9,79.0, ,54.0, ,0.19,G,999.9,0,9999.9
146,146,146,146,146,146,146,146,146,146,146,146,146,146,72429793812,2017-05-27,39.106,-84.41609,144.8,"CINCINNATI MUNICIPAL AIRPORT LUNKEN FIELD, OH US",74.3,24,67.5,24,1010.3,21,992.9,24,9.7,24,4.5,24,8.9,999.9,84.9, ,54.0, ,0.0,G,999.9,10000,9999.9
147,147,147,147,147,147,147,147,147,147,147,147,147,147,72429793812,2017-05-28,39.106,-84.41609,144.8,"CINCINNATI MUNICIPAL AIRPORT LUNKEN FIELD, OH US",69.9,24,64.6,24,1008.8,22,991.3,24,9.9,24,7.5,24,14.0,19.0,84.9, ,63.0, ,0.0,G,999.9,10010,9999.9
148,148,148,148,148,148,148,148,148,148,148,148,148,148,72429793812,2017-05-29,39.106,-84.41609,144.8,"CINCINNATI MUNICIPAL AIRPORT LUNKEN FIELD, OH US",69.6,24,61.0,24,1012.3,19,994.5,24,7.7,24,6.2,24,14.0,19.0,81.0, ,57.0, ,0.08,G,999.9,110010,9999.9
149,149,149,149,149,149,149,149,149,149,149,149,149,149,72429793812,2017-05-30,39.106,-84.41609,144.8,"CINCINNATI MUNICIPAL AIRPORT LUNKEN FIELD, OH US",70.3,24,56.8,24,1015.0,24,997.4,24,9.9,24,5.5,24,17.1,28.0,81.0, ,57.0, ,0.0,G,999.9,0,9999.9
150,150,150,150,150,150,150,150,150,150,150,150,150,150,72429793812,2017-05-31,39.106,-84.41609,144.8,"CINCINNATI MUNICIPAL AIRPORT LUNKEN FIELD, OH US",67.2,24,54.6,24,1016.4,23,998.7,24,10.0,24,5.6,24,15.9,28.0,82.0, ,54.0, ,0.04,G,999.9,10000,9999.9
151,151,151,151,151,151,151,151,151,151,151,151,151,151,72429793812,2017-06-01,39.106,-84.41609,144.8,"CINCINNATI MUNICIPAL AIRPORT LUNKEN FIELD, OH US",67.5,24,51.4,24,1018.0,24,0.2,24,10.0,24,2.2,24,8.0,999.9,82.0, ,50.0, ,0.06,G,999.9,0,9999.9
152,152,152,152,152,152,152,152,152,152,152,152,152,152,72429793812,2017-06-02,39.106,-84.41609,144.8,"CINCINNATI MUNICIPAL AIRPORT LUNKEN FIELD, OH US",66.8,24,52.3,24,1018.5,23,0.8,24,9.6,24,1.7,24,6.0,14.0,84.0, ,50.0, ,0.0,G,999.9,0,9999.9
153,153,153,153,153,153,153,153,153,153,153,153,153,153,72429793812,2017-06-03,39.106,-84.41609,144.8,"CINCINNATI MUNICIPAL AIRPORT LUNKEN FIELD, OH US",69.5,24,56.7,24,1017.9,23,0.2,24,9.4,24,2.1,24,6.0,999.9,87.1, ,50.0, ,0.0,G,999.9,0,9999.9
154,154,154,154,154,154,154,154,154,154,154,154,154,154,72429793812,2017-06-04,39.106,-84.41609,144.8,"CINCINNATI MUNICIPAL AIRPORT LUNKEN FIELD, OH US",71.0,24,60.9,24,1013.6,21,996.2,24,8.9,24,3.1,24,8.0,999.9,87.1, ,52.0, ,0.0,G,999.9,0,9999.9
155,155,155,155,155,155,155,155,155,155,155,155,155,155,72429793812,2017-06-05,39.106,-84.41609,144.8,"CINCINNATI MUNICIPAL AIRPORT LUNKEN FIELD, OH US",73.1,24,66.2,24,1007.9,23,990.3,24,10.0,24,3.8,24,11.1,18.1,87.1, ,55.0, ,0.0,G,999.9,10010,9999.9
156,156,156,156,156,156,156,156,156,156,156,156,156,156,72429793812,2017-06-06,39.106,-84.41609,144.8,"CINCINNATI MUNICIPAL AIRPORT LUNKEN FIELD, OH US",68.2,24,55.6,24,1011.9,24,994.2,24,10.0,24,6.7,24,12.0,17.1,84.9, ,55.9, ,0.02,G,999.9,0,9999.9
157,157,157,157,157,157,157,157,157,157,157,157,157,157,72429793812,2017-06-07,39.106,-84.41609,144.8,"CINCINNATI MUNICIPAL AIRPORT LUNKEN FIELD, OH US",61.8,24,52.7,24,1015.6,24,997.8,24,10.0,24,5.7,24,12.0,999.9,78.1, ,52.0, ,0.0,G,999.9,0,9999.9
158,158,158,158,158,158,158,158,158,158,158,158,158,158,72429793812,2017-06-08,39.106,-84.41609,144.8,"CINCINNATI MUNICIPAL AIRPORT LUNKEN FIELD, OH US",62.6,24,52.3,24,1015.4,22,997.7,24,9.1,24,3.2,24,9.9,999.9,75.9, ,48.0, ,0.0,G,999.9,100000,9999.9
159,159,159,159,159,159,159,159,159,159,159,159,159,159,72429793812,2017-06-09,39.106,-84.41609,144.8,"CINCINNATI MUNICIPAL AIRPORT LUNKEN FIELD, OH US",66.3,24,54.9,24,1012.9,23,995.2,24,8.7,24,4.5,24,14.0,19.0,82.0, ,48.0, ,0.0,G,999.9,100000,9999.9
160,160,160,160,160,160,160,160,160,160,160,160,160,160,72429793812,2017-06-10,39.106,-84.41609,144.8,"CINCINNATI MUNICIPAL AIRPORT LUNKEN FIELD, OH US",71.3,24,59.2,24,1015.4,24,997.7,24,10.0,24,5.4,24,14.0,999.9,84.9, ,48.0, ,0.0,G,999.9,0,9999.9
161,161,161,161,161,161,161,161,161,161,161,161,161,161,72429793812,2017-06-11,39.106,-84.41609,144.8,"CINCINNATI MUNICIPAL AIRPORT LUNKEN FIELD, OH US",74.7,24,63.2,24,1018.3,23,0.7,24,9.4,24,6.1,24,15.0,19.0,88.0, ,57.0, ,0.0,G,999.9,100000,9999.9
162,162,162,162,162,162,162,162,162,162,162,162,162,162,72429793812,2017-06-12,39.106,-84.41609,144.8,"CINCINNATI MUNICIPAL AIRPORT LUNKEN FIELD, OH US",77.1,24,67.2,24,1017.9,24,0.3,24,9.8,24,5.0,24,13.0,22.9,91.0, ,59.0, ,0.0,G,999.9,0,9999.9
163,163,163,163,163,163,163,163,163,163,163,163,163,163,72429793812,2017-06-13,39.106,-84.41609,144.8,"CINCINNATI MUNICIPAL AIRPORT LUNKEN FIELD, OH US",75.5,24,71.5,24,1016.5,20,999.1,24,9.7,24,2.4,24,8.0,25.1,91.0, ,64.9, ,0.0,G,999.9,10010,9999.9
164,164,164,164,164,164,164,164,164,164,164,164,164,164,72429793812,2017-06-14,39.106,-84.41609,144.8,"CINCINNATI MUNICIPAL AIRPORT LUNKEN FIELD, OH US",72.3,24,69.6,24,1016.2,18,998.6,24,9.4,24,4.5,24,12.0,999.9,86.0, ,66.0, ,0.33,G,999.9,10010,9999.9
165,165,165,165,165,165,165,165,165,165,165,165,165,165,72429793812,2017-06-15,39.106,-84.41609,144.8,"CINCINNATI MUNICIPAL AIRPORT LUNKEN FIELD, OH US",75.6,24,69.4,24,1012.6,22,995.1,24,9.4,24,4.8,24,14.0,22.0,86.0, ,66.9, ,0.3,G,999.9,10000,9999.9
166,166,166,166,166,166,166,166,166,166,166,166,166,166,72429793812,2017-06-16,39.106,-84.41609,144.8,"CINCINNATI MUNICIPAL AIRPORT LUNKEN FIELD, OH US",77.8,24,68.1,24,1011.0,24,993.6,24,9.5,24,2.3,24,8.0,999.9,90.0, ,66.0, ,0.25,G,999.9,100000,9999.9
167,167,167,167,167,167,167,167,167,167,167,167,167,167,72429793812,2017-06-17,39.106,-84.41609,144.8,"CINCINNATI MUNICIPAL AIRPORT LUNKEN FIELD, OH US",76.6,24,68.5,24,1008.7,22,991.3,24,8.9,24,4.5,24,12.0,17.1,88.0,*,64.4,*,0.0,G,999.9,100000,9999.9
168,168,168,168,168,168,168,168,168,168,168,168,168,168,72429793812,2017-06-18,39.106,-84.41609,144.8,"CINCINNATI MUNICIPAL AIRPORT LUNKEN FIELD, OH US",77.9,24,69.7,24,1007.0,21,989.5,24,9.8,24,9.1,24,17.1,22.0,88.0, ,64.9, ,0.02,G,999.9,10010,9999.9
169,169,169,169,169,169,169,169,169,169,169,169,169,169,72429793812,2017-06-19,39.106,-84.41609,144.8,"CINCINNATI MUNICIPAL AIRPORT LUNKEN FIELD, OH US",73.6,24,64.1,24,1010.6,19,993.2,24,8.6,24,7.3,24,15.9,20.0,81.0,*,64.0,*,1.0,G,999.9,10010,9999.9
170,170,170,170,170,170,170,170,170,170,170,170,170,170,72429793812,2017-06-20,39.106,-84.41609,144.8,"CINCINNATI MUNICIPAL AIRPORT LUNKEN FIELD, OH US",73.5,24,57.1,24,1015.5,24,997.9,24,10.0,24,5.7,24,11.1,19.0,84.0, ,60.1, ,0.12,G,999.9,0,9999.9
171,171,171,171,171,171,171,171,171,171,171,171,171,171,72429793812,2017-06-21,39.106,-84.41609,144.8,"CINCINNATI MUNICIPAL AIRPORT LUNKEN FIELD, OH US",74.5,24,64.3,24,1014.6,24,997.0,24,10.0,24,4.7,24,15.0,21.0,89.1, ,60.1, ,0.0,G,999.9,0,9999.9
172,172,172,172,172,172,172,172,172,172,172,172,172,172,72429793812,2017-06-22,39.106,-84.41609,144.8,"CINCINNATI MUNICIPAL AIRPORT LUNKEN FIELD, OH US",76.0,24,70.1,24,1015.1,23,997.5,24,10.0,24,6.6,24,15.9,22.0,89.1, ,61.0, ,0.0,G,999.9,10000,9999.9
173,173,173,173,173,173,173,173,173,173,173,173,173,173,72429793812,2017-06-23,39.106,-84.41609,144.8,"CINCINNATI MUNICIPAL AIRPORT LUNKEN FIELD, OH US",73.1,24,72.1,20,1007.5,9,990.6,24,7.0,24,7.7,24,18.1,26.0,84.0, ,66.9, ,0.4,G,999.9,10010,9999.9
174,174,174,174,174,174,174,174,174,174,174,174,174,174,72429793812,2017-06-24,39.106,-84.41609,144.8,"CINCINNATI MUNICIPAL AIRPORT LUNKEN FIELD, OH US",70.1,24,62.0,24,1014.0,20,995.5,24,7.8,24,5.2,24,12.0,18.1,80.1, ,59.0, ,2.06,G,999.9,110000,9999.9
175,175,175,175,175,175,175,175,175,175,175,175,175,175,72429793812,2017-06-25,39.106,-84.41609,144.8,"CINCINNATI MUNICIPAL AIRPORT LUNKEN FIELD, OH US",68.6,24,52.8,24,1019.5,23,1.8,24,10.0,24,6.9,24,17.1,27.0,80.1, ,52.0, ,0.0,G,999.9,0,9999.9
176,176,176,176,176,176,176,176,176,176,176,176,176,176,72429793812,2017-06-26,39.106,-84.41609,144.8,"CINCINNATI MUNICIPAL AIRPORT LUNKEN FIELD, OH US",66.2,24,51.5,24,1020.1,24,2.2,24,10.0,24,5.1,24,12.0,19.0,79.0, ,52.0, ,0.0,G,999.9,0,9999.9
177,177,177,177,177,177,177,177,177,177,177,177,177,177,72429793812,2017-06-27,39.106,-84.41609,144.8,"CINCINNATI MUNICIPAL AIRPORT LUNKEN FIELD, OH US",65.1,24,50.7,24,1019.6,24,1.8,24,10.0,24,3.9,24,11.1,999.9,75.9, ,52.0, ,0.0,G,999.9,0,9999.9
178,178,178,178,178,178,178,178,178,178,178,178,178,178,72429793812,2017-06-28,39.106,-84.41609,144.8,"CINCINNATI MUNICIPAL AIRPORT LUNKEN FIELD, OH US",65.2,24,55.0,24,1019.9,23,2.2,24,9.3,24,3.8,24,11.1,999.9,80.1, ,50.0, ,0.0,G,999.9,100000,9999.9
179,179,179,179,179,179,179,179,179,179,179,179,179,179,72429793812,2017-06-29,39.106,-84.41609,144.8,"CINCINNATI MUNICIPAL AIRPORT LUNKEN FIELD, OH US",73.0,24,63.8,24,1015.7,23,998.0,24,10.0,24,6.8,24,17.1,25.1,88.0, ,50.0, ,0.0,G,999.9,0,9999.9
180,180,180,180,180,180,180,180,180,180,180,180,180,180,72429793812,2017-06-30,39.106,-84.41609,144.8,"CINCINNATI MUNICIPAL AIRPORT LUNKEN FIELD, OH US",77.5,24,70.2,24,1013.5,22,996.1,24,10.0,24,8.0,24,12.0,17.1,84.0,*,71.1,*,0.0,G,999.9,0,9999.9
181,181,181,181,181,181,181,181,181,181,181,181,181,181,72429793812,2017-07-01,39.106,-84.41609,144.8,"CINCINNATI MUNICIPAL AIRPORT LUNKEN FIELD, OH US",76.0,24,69.3,24,1013.3,18,995.9,24,9.8,24,6.2,24,11.1,999.9,84.0,*,69.8,*,0.09,G,999.9,10000,9999.9
182,182,182,182,182,182,182,182,182,182,182,182,182,182,72429793812,2017-07-02,39.106,-84.41609,144.8,"CINCINNATI MUNICIPAL AIRPORT LUNKEN FIELD, OH US",74.8,24,64.1,24,1018.0,19,0.3,24,7.9,24,3.9,24,12.0,15.9,87.1, ,61.0, ,0.0,G,999.9,100000,9999.9
183,183,183,183,183,183,183,183,183,183,183,183,183,183,72429793812,2017-07-03,39.106,-84.41609,144.8,"CINCINNATI MUNICIPAL AIRPORT LUNKEN FIELD, OH US",74.5,24,64.7,24,1017.8,21,0.2,24,8.1,24,2.1,24,8.9,999.9,89.1, ,61.0, ,0.0,G,999.9,100000,9999.9
184,184,184,184,184,184,184,184,184,184,184,184,184,184,72429793812,2017-07-04,39.106,-84.41609,144.8,"CINCINNATI MUNICIPAL AIRPORT LUNKEN FIELD, OH US",74.9,24,68.3,24,1017.1,20,999.5,24,7.7,24,2.7,24,12.0,17.1,89.1, ,62.1, ,0.0,G,999.9,100000,9999.9
185,185,185,185,185,185,185,185,185,185,185,185,185,185,72429793812,2017-07-05,39.106,-84.41609,144.8,"CINCINNATI MUNICIPAL AIRPORT LUNKEN FIELD, OH US",75.6,24,69.6,24,1018.2,19,0.7,24,7.4,24,1.3,24,8.9,999.9,86.0, ,63.0, ,0.0,G,999.9,100000,9999.9
186,186,186,186,186,186,186,186,186,186,186,186,186,186,72429793812,2017-07-06,39.106,-84.41609,144.8,"CINCINNATI MUNICIPAL AIRPORT LUNKEN FIELD, OH US",73.2,24,71.2,24,1016.2,19,998.6,24,6.8,24,2.5,24,14.0,20.0,86.0, ,66.0, ,0.02,G,999.9,10010,9999.9
187,187,187,187,187,187,187,187,187,187,187,187,187,187,72429793812,2017-07-07,39.106,-84.41609,144.8,"CINCINNATI MUNICIPAL AIRPORT LUNKEN FIELD, OH US",74.8,24,69.7,24,1013.6,15,996.4,24,7.2,24,6.4,24,26.0,35.0,89.1, ,64.9, ,0.33,G,999.9,110010,9999.9
188,188,188,188,188,188,188,188,188,188,188,188,188,188,72429793812,2017-07-08,39.106,-84.41609,144.8,"CINCINNATI MUNICIPAL AIRPORT LUNKEN FIELD, OH US",72.3,24,63.1,23,1013.9,21,996.1,24,9.7,24,5.3,24,13.0,18.1,89.1, ,63.0, ,0.75,G,999.9,10000,9999.9
189,189,189,189,189,189,189,189,189,189,189,189,189,189,72429793812,2017-07-09,39.106,-84.41609,144.8,"CINCINNATI MUNICIPAL AIRPORT LUNKEN FIELD, OH US",70.2,24,59.1,24,1018.2,19,0.6,24,7.4,24,2.3,24,8.9,999.9,82.9, ,55.9, ,0.0,G,999.9,100000,9999.9
190,190,190,190,190,190,190,190,190,190,190,190,190,190,72429793812,2017-07-10,39.106,-84.41609,144.8,"CINCINNATI MUNICIPAL AIRPORT LUNKEN FIELD, OH US",74.9,24,66.7,24,1015.2,23,997.7,24,10.0,24,6.3,24,15.0,25.1,87.1, ,55.9, ,0.0,G,999.9,0,9999.9
191,191,191,191,191,191,191,191,191,191,191,191,191,191,72429793812,2017-07-11,39.106,-84.41609,144.8,"CINCINNATI MUNICIPAL AIRPORT LUNKEN FIELD, OH US",75.5,24,70.3,24,1014.3,19,997.1,24,9.3,24,7.3,24,14.0,21.0,87.1, ,64.0, ,0.06,G,999.9,10010,9999.9
192,192,192,192,192,192,192,192,192,192,192,192,192,192,72429793812,2017-07-12,39.106,-84.41609,144.8,"CINCINNATI MUNICIPAL AIRPORT LUNKEN FIELD, OH US",77.5,24,72.0,24,1017.1,18,999.5,24,6.2,24,4.6,24,14.0,18.1,89.1, ,66.9, ,0.31,G,999.9,100000,9999.9
193,193,193,193,193,193,193,193,193,193,193,193,193,193,72429793812,2017-07-13,39.106,-84.41609,144.8,"CINCINNATI MUNICIPAL AIRPORT LUNKEN FIELD, OH US",79.1,24,74.9,24,1016.9,19,999.6,24,9.6,24,5.3,24,20.0,36.9,90.0, ,66.9, ,0.0,G,999.9,10010,9999.9
194,194,194,194,194,194,194,194,194,194,194,194,194,194,72429793812,2017-07-14,39.106,-84.41609,144.8,"CINCINNATI MUNICIPAL AIRPORT LUNKEN FIELD, OH US",78.7,24,73.6,24,1017.3,21,999.8,24,8.4,24,4.8,24,12.0,15.9,90.0, ,66.0, ,0.85,G,999.9,10010,9999.9
195,195,195,195,195,195,195,195,195,195,195,195,195,195,72429793812,2017-07-15,39.106,-84.41609,144.8,"CINCINNATI MUNICIPAL AIRPORT LUNKEN FIELD, OH US",73.4,24,63.8,24,1018.8,24,1.2,24,10.0,24,3.1,24,11.1,15.0,87.1, ,60.1, ,0.01,G,999.9,0,9999.9
196,196,196,196,196,196,196,196,196,196,196,196,196,196,72429793812,2017-07-16,39.106,-84.41609,144.8,"CINCINNATI MUNICIPAL AIRPORT LUNKEN FIELD, OH US",73.5,24,65.9,24,1016.1,21,998.5,24,7.9,24,1.3,24,7.0,999.9,86.0, ,60.1, ,0.0,G,999.9,100000,9999.9
197,197,197,197,197,197,197,197,197,197,197,197,197,197,72429793812,2017-07-17,39.106,-84.41609,144.8,"CINCINNATI MUNICIPAL AIRPORT LUNKEN FIELD, OH US",76.6,24,68.8,24,1015.1,24,997.6,24,10.0,24,2.4,24,6.0,999.9,88.0, ,62.1, ,0.0,G,999.9,0,9999.9
198,198,198,198,198,198,198,198,198,198,198,198,198,198,72429793812,2017-07-18,39.106,-84.41609,144.8,"CINCINNATI MUNICIPAL AIRPORT LUNKEN FIELD, OH US",77.9,24,71.9,24,1017.3,15,999.5,24,6.6,24,3.2,24,8.9,15.0,88.0, ,66.0, ,0.26,G,999.9,110000,9999.9
199,199,199,199,199,199,199,199,199,199,199,199,199,199,72429793812,2017-07-19,39.106,-84.41609,144.8,"CINCINNATI MUNICIPAL AIRPORT LUNKEN FIELD, OH US",79.3,24,71.1,24,1018.6,20,0.9,24,7.8,24,1.4,24,7.0,999.9,91.0, ,66.9, ,0.0,G,999.9,110000,9999.9
200,200,200,200,200,200,200,200,200,200,200,200,200,200,72429793812,2017-07-20,39.106,-84.41609,144.8,"CINCINNATI MUNICIPAL AIRPORT LUNKEN FIELD, OH US",77.8,24,72.0,24,1017.9,23,0.2,24,9.3,24,3.0,24,11.1,999.9,91.0, ,64.9, ,0.0,G,999.9,10000,9999.9
201,201,201,201,201,201,201,201,201,201,201,201,201,201,72429793812,2017-07-21,39.106,-84.41609,144.8,"CINCINNATI MUNICIPAL AIRPORT LUNKEN FIELD, OH US",80.0,24,75.0,24,1015.3,22,997.9,24,9.5,24,3.1,24,20.0,28.9,90.0, ,64.9, ,0.01,G,999.9,10010,9999.9
202,202,202,202,202,202,202,202,202,202,202,202,202,202,72429793812,2017-07-22,39.106,-84.41609,144.8,"CINCINNATI MUNICIPAL AIRPORT LUNKEN FIELD, OH US",80.8,24,75.5,24,1011.6,21,994.4,24,9.5,24,4.9,24,17.1,28.9,91.9, ,72.0, ,0.21,G,999.9,10010,9999.9
203,203,203,203,203,203,203,203,203,203,203,203,203,203,72429793812,2017-07-23,39.106,-84.41609,144.8,"CINCINNATI MUNICIPAL AIRPORT LUNKEN FIELD, OH US",77.4,24,72.7,20,1009.4,17,992.1,24,10.0,24,5.9,24,25.1,35.9,84.9,*,71.6,*,0.56,G,999.9,10010,9999.9
204,204,204,204,204,204,204,204,204,204,204,204,204,204,72429793812,2017-07-24,39.106,-84.41609,144.8,"CINCINNATI MUNICIPAL AIRPORT LUNKEN FIELD, OH US",76.6,24,69.0,24,1011.9,24,994.4,24,9.6,24,5.4,24,9.9,999.9,87.1, ,64.9, ,0.02,G,999.9,0,9999.9
205,205,205,205,205,205,205,205,205,205,205,205,205,205,72429793812,2017-07-25,39.106,-84.41609,144.8,"CINCINNATI MUNICIPAL AIRPORT LUNKEN FIELD, OH US",71.5,24,62.1,24,1020.4,24,2.7,24,10.0,24,5.2,24,11.1,999.9,87.1, ,60.1, ,0.0,G,999.9,100000,9999.9
206,206,206,206,206,206,206,206,206,206,206,206,206,206,72429793812,2017-07-26,39.106,-84.41609,144.8,"CINCINNATI MUNICIPAL AIRPORT LUNKEN FIELD, OH US",71.2,24,64.3,24,1020.2,23,2.5,24,9.4,24,2.0,24,5.1,999.9,84.9, ,57.9, ,0.0,G,999.9,0,9999.9
207,207,207,207,207,207,207,207,207,207,207,207,207,207,72429793812,2017-07-27,39.106,-84.41609,144.8,"CINCINNATI MUNICIPAL AIRPORT LUNKEN FIELD, OH US",76.8,24,72.3,24,1013.9,23,996.4,24,9.1,24,3.6,24,19.0,27.0,87.1, ,57.9, ,0.49,G,999.9,10010,9999.9
208,208,208,208,208,208,208,208,208,208,208,208,208,208,72429793812,2017-07-28,39.106,-84.41609,144.8,"CINCINNATI MUNICIPAL AIRPORT LUNKEN FIELD, OH US",76.1,24,71.9,24,1010.0,17,992.7,24,7.8,24,5.1,24,15.0,20.0,87.1, ,69.1, ,0.21,G,999.9,10010,9999.9
209,209,209,209,209,209,209,209,209,209,209,209,209,209,72429793812,2017-07-29,39.106,-84.41609,144.8,"CINCINNATI MUNICIPAL AIRPORT LUNKEN FIELD, OH US",71.8,24,58.5,24,1014.1,24,996.5,24,10.0,24,8.6,24,13.0,20.0,84.9, ,62.1, ,0.22,G,999.9,0,9999.9
210,210,210,210,210,210,210,210,210,210,210,210,210,210,72429793812,2017-07-30,39.106,-84.41609,144.8,"CINCINNATI MUNICIPAL AIRPORT LUNKEN FIELD, OH US",70.5,24,60.1,24,1019.7,24,1.9,24,10.0,24,3.5,24,8.0,999.9,84.9, ,55.9, ,0.0,G,999.9,0,9999.9
211,211,211,211,211,211,211,211,211,211,211,211,211,211,72429793812,2017-07-31,39.106,-84.41609,144.8,"CINCINNATI MUNICIPAL AIRPORT LUNKEN FIELD, OH US",73.8,24,64.1,24,1020.9,21,3.2,24,8.8,24,2.1,24,6.0,999.9,87.1, ,55.9, ,0.0,G,999.9,100000,9999.9
212,212,212,212,212,212,212,212,212,212,212,212,212,212,72429793812,2017-08-01,39.106,-84.41609,144.8,"CINCINNATI MUNICIPAL AIRPORT LUNKEN FIELD, OH US",72.5,24,66.3,24,1019.5,24,1.8,24,9.7,24,1.6,24,6.0,999.9,87.1, ,60.1, ,0.0,G,999.9,0,9999.9
213,213,213,213,213,213,213,213,213,213,213,213,213,213,72429793812,2017-08-02,39.106,-84.41609,144.8,"CINCINNATI MUNICIPAL AIRPORT LUNKEN FIELD, OH US",72.9,24,67.7,24,1018.0,21,0.3,24,8.3,24,2.7,24,8.9,999.9,84.9, ,63.0, ,0.0,G,999.9,110010,9999.9
214,214,214,214,214,214,214,214,214,214,214,214,214,214,72429793812,2017-08-03,39.106,-84.41609,144.8,"CINCINNATI MUNICIPAL AIRPORT LUNKEN FIELD, OH US",74.4,24,68.3,24,1017.2,19,999.7,24,8.7,24,4.5,24,14.0,999.9,86.0, ,64.0, ,0.03,G,999.9,110010,9999.9
215,215,215,215,215,215,215,215,215,215,215,215,215,215,72429793812,2017-08-04,39.106,-84.41609,144.8,"CINCINNATI MUNICIPAL AIRPORT LUNKEN FIELD, OH US",73.8,24,65.8,24,1013.4,22,995.8,24,9.8,24,8.9,24,20.0,28.9,86.0, ,64.0, ,0.0,G,999.9,10000,9999.9
216,216,216,216,216,216,216,216,216,216,216,216,216,216,72429793812,2017-08-05,39.106,-84.41609,144.8,"CINCINNATI MUNICIPAL AIRPORT LUNKEN FIELD, OH US",66.9,24,54.9,24,1018.7,24,0.9,24,10.0,24,5.6,24,9.9,15.9,81.0, ,52.0, ,0.01,G,999.9,0,9999.9
217,217,217,217,217,217,217,217,217,217,217,217,217,217,72429793812,2017-08-06,39.106,-84.41609,144.8,"CINCINNATI MUNICIPAL AIRPORT LUNKEN FIELD, OH US",66.7,24,61.9,24,1018.5,24,0.8,24,10.0,24,1.1,24,5.1,999.9,79.0, ,52.0, ,0.0,G,999.9,10000,9999.9
218,218,218,218,218,218,218,218,218,218,218,218,218,218,72429793812,2017-08-07,39.106,-84.41609,144.8,"CINCINNATI MUNICIPAL AIRPORT LUNKEN FIELD, OH US",67.8,24,65.4,24,1015.7,16,997.9,23,7.4,23,3.4,24,7.0,999.9,75.9, ,63.0, ,0.4,G,999.9,10000,9999.9
219,219,219,219,219,219,219,219,219,219,219,219,219,219,72429793812,2017-08-08,39.106,-84.41609,144.8,"CINCINNATI MUNICIPAL AIRPORT LUNKEN FIELD, OH US",69.0,24,61.2,24,1019.5,18,1.4,24,7.3,24,2.5,24,11.1,999.9,81.0, ,57.0, ,0.07,G,999.9,100000,9999.9
220,220,220,220,220,220,220,220,220,220,220,220,220,220,72429793812,2017-08-09,39.106,-84.41609,144.8,"CINCINNATI MUNICIPAL AIRPORT LUNKEN FIELD, OH US",67.3,24,57.2,24,1022.0,21,4.2,24,8.8,24,2.6,24,8.0,999.9,82.9, ,53.1, ,0.0,G,999.9,100000,9999.9
221,221,221,221,221,221,221,221,221,221,221,221,221,221,72429793812,2017-08-10,39.106,-84.41609,144.8,"CINCINNATI MUNICIPAL AIRPORT LUNKEN FIELD, OH US",70.4,24,61.7,24,1019.8,24,2.0,24,9.7,24,2.3,24,8.0,999.9,84.9, ,53.1, ,0.0,G,999.9,0,9999.9
222,222,222,222,222,222,222,222,222,222,222,222,222,222,72429793812,2017-08-11,39.106,-84.41609,144.8,"CINCINNATI MUNICIPAL AIRPORT LUNKEN FIELD, OH US",71.3,24,65.1,24,1016.9,22,999.3,24,8.6,24,2.7,24,8.0,999.9,84.9, ,59.0, ,0.0,G,999.9,100000,9999.9
223,223,223,223,223,223,223,223,223,223,223,223,223,223,72429793812,2017-08-12,39.106,-84.41609,144.8,"CINCINNATI MUNICIPAL AIRPORT LUNKEN FIELD, OH US",74.2,24,63.8,24,1014.8,23,997.2,24,8.9,24,3.8,24,12.0,18.1,82.9, ,60.1, ,0.0,G,999.9,0,9999.9
224,224,224,224,224,224,224,224,224,224,224,224,224,224,72429793812,2017-08-13,39.106,-84.41609,144.8,"CINCINNATI MUNICIPAL AIRPORT LUNKEN FIELD, OH US",70.1,24,59.5,24,1016.6,22,999.0,24,9.5,24,2.4,24,8.0,999.9,84.0, ,55.9, ,0.0,G,999.9,100000,9999.9
225,225,225,225,225,225,225,225,225,225,225,225,225,225,72429793812,2017-08-14,39.106,-84.41609,144.8,"CINCINNATI MUNICIPAL AIRPORT LUNKEN FIELD, OH US",70.6,24,66.0,24,1013.7,24,996.1,24,10.0,24,1.9,24,8.0,999.9,84.0, ,55.9, ,0.0,G,999.9,10000,9999.9
226,226,226,226,226,226,226,226,226,226,226,226,226,226,72429793812,2017-08-15,39.106,-84.41609,144.8,"CINCINNATI MUNICIPAL AIRPORT LUNKEN FIELD, OH US",76.5,24,68.9,24,1012.2,22,994.6,24,9.0,24,2.9,24,8.9,999.9,90.0, ,63.0, ,0.04,G,999.9,110000,9999.9
227,227,227,227,227,227,227,227,227,227,227,227,227,227,72429793812,2017-08-16,39.106,-84.41609,144.8,"CINCINNATI MUNICIPAL AIRPORT LUNKEN FIELD, OH US",76.8,24,70.3,24,1015.1,20,997.7,24,7.7,24,2.5,24,8.0,999.9,90.0, ,64.9, ,0.0,G,999.9,100000,9999.9
228,228,228,228,228,228,228,228,228,228,228,228,228,228,72429793812,2017-08-17,39.106,-84.41609,144.8,"CINCINNATI MUNICIPAL AIRPORT LUNKEN FIELD, OH US",79.0,24,73.9,24,1012.9,20,995.4,24,9.7,24,6.2,24,17.1,34.0,91.0, ,64.9, ,0.0,G,999.9,10010,9999.9
229,229,229,229,229,229,229,229,229,229,229,229,229,229,72429793812,2017-08-18,39.106,-84.41609,144.8,"CINCINNATI MUNICIPAL AIRPORT LUNKEN FIELD, OH US",78.0,24,70.4,24,1011.7,20,994.0,24,8.7,24,6.5,24,14.0,19.0,91.0, ,72.0, ,0.81,G,999.9,10000,9999.9
230,230,230,230,230,230,230,230,230,230,230,230,230,230,72429793812,2017-08-19,39.106,-84.41609,144.8,"CINCINNATI MUNICIPAL AIRPORT LUNKEN FIELD, OH US",74.7,24,67.3,24,1013.5,23,996.0,24,9.5,24,4.0,24,8.9,15.0,88.0, ,66.0, ,0.0,G,999.9,0,9999.9
231,231,231,231,231,231,231,231,231,231,231,231,231,231,72429793812,2017-08-20,39.106,-84.41609,144.8,"CINCINNATI MUNICIPAL AIRPORT LUNKEN FIELD, OH US",77.0,24,69.5,24,1017.0,23,999.4,24,8.7,24,3.3,24,8.9,999.9,90.0, ,64.9, ,0.0,G,999.9,100000,9999.9
232,232,232,232,232,232,232,232,232,232,232,232,232,232,72429793812,2017-08-21,39.106,-84.41609,144.8,"CINCINNATI MUNICIPAL AIRPORT LUNKEN FIELD, OH US",77.8,24,71.0,24,1019.5,20,2.0,24,7.8,24,3.3,24,11.1,999.9,90.0, ,64.9, ,0.0,G,999.9,100000,9999.9
233,233,233,233,233,233,233,233,233,233,233,233,233,233,72429793812,2017-08-22,39.106,-84.41609,144.8,"CINCINNATI MUNICIPAL AIRPORT LUNKEN FIELD, OH US",77.2,24,72.0,24,1015.0,22,997.3,24,10.0,24,5.5,24,13.0,22.0,90.0, ,66.9, ,0.0,G,999.9,10010,9999.9
234,234,234,234,234,234,234,234,234,234,234,234,234,234,72429793812,2017-08-23,39.106,-84.41609,144.8,"CINCINNATI MUNICIPAL AIRPORT LUNKEN FIELD, OH US",72.1,24,59.9,24,1015.1,24,997.6,24,10.0,24,3.8,24,9.9,999.9,87.1, ,57.9, ,0.28,G,999.9,0,9999.9
235,235,235,235,235,235,235,235,235,235,235,235,235,235,72429793812,2017-08-24,39.106,-84.41609,144.8,"CINCINNATI MUNICIPAL AIRPORT LUNKEN FIELD, OH US",66.8,24,54.7,24,1017.2,24,999.5,24,9.6,24,3.8,24,15.0,999.9,80.1, ,54.0, ,0.0,G,999.9,100000,9999.9
236,236,236,236,236,236,236,236,236,236,236,236,236,236,72429793812,2017-08-25,39.106,-84.41609,144.8,"CINCINNATI MUNICIPAL AIRPORT LUNKEN FIELD, OH US",64.9,24,55.4,24,1021.5,24,3.6,24,10.0,24,3.0,24,8.0,999.9,80.1, ,53.1, ,0.0,G,999.9,0,9999.9
237,237,237,237,237,237,237,237,237,237,237,237,237,237,72429793812,2017-08-26,39.106,-84.41609,144.8,"CINCINNATI MUNICIPAL AIRPORT LUNKEN FIELD, OH US",64.0,24,54.4,24,1023.9,21,6.0,24,9.0,24,3.6,24,9.9,17.1,78.1, ,48.9, ,0.0,G,999.9,0,9999.9
238,238,238,238,238,238,238,238,238,238,238,238,238,238,72429793812,2017-08-27,39.106,-84.41609,144.8,"CINCINNATI MUNICIPAL AIRPORT LUNKEN FIELD, OH US",66.0,24,56.6,24,1020.8,24,3.0,24,9.8,24,2.5,24,8.9,999.9,82.9, ,48.9, ,0.0,G,999.9,0,9999.9
239,239,239,239,239,239,239,239,239,239,239,239,239,239,72429793812,2017-08-28,39.106,-84.41609,144.8,"CINCINNATI MUNICIPAL AIRPORT LUNKEN FIELD, OH US",67.8,24,64.1,24,1017.0,22,999.2,24,9.2,24,2.8,24,9.9,15.9,82.9, ,52.0, ,0.0,G,999.9,0,9999.9
240,240,240,240,240,240,240,240,240,240,240,240,240,240,72429793812,2017-08-29,39.106,-84.41609,144.8,"CINCINNATI MUNICIPAL AIRPORT LUNKEN FIELD, OH US",68.7,24,65.9,24,1016.8,15,999.0,24,8.3,24,1.5,24,11.1,999.9,77.0, ,59.0, ,0.09,G,999.9,10010,9999.9
241,241,241,241,241,241,241,241,241,241,241,241,241,241,72429793812,2017-08-30,39.106,-84.41609,144.8,"CINCINNATI MUNICIPAL AIRPORT LUNKEN FIELD, OH US",69.5,24,64.2,24,1016.9,19,999.1,24,4.6,24,1.5,24,5.1,999.9,82.0, ,62.1, ,0.16,G,999.9,100000,9999.9
242,242,242,242,242,242,242,242,242,242,242,242,242,242,72429793812,2017-08-31,39.106,-84.41609,144.8,"CINCINNATI MUNICIPAL AIRPORT LUNKEN FIELD, OH US",70.6,24,64.5,24,1017.0,19,999.4,24,7.2,24,2.5,24,9.9,999.9,84.0, ,62.1, ,0.0,G,999.9,100000,9999.9
243,243,243,243,243,243,243,243,243,243,243,243,243,243,72429793812,2017-09-01,39.106,-84.41609,144.8,"CINCINNATI MUNICIPAL AIRPORT LUNKEN FIELD, OH US",60.7,24,55.2,24,1016.3,21,998.4,24,8.5,24,10.9,24,15.9,22.9,84.0, ,55.0, ,0.0,G,999.9,10000,9999.9
244,244,244,244,244,244,244,244,244,244,244,244,244,244,72429793812,2017-09-02,39.106,-84.41609,144.8,"CINCINNATI MUNICIPAL AIRPORT LUNKEN FIELD, OH US",57.9,24,57.2,17,1014.3,17,996.7,24,6.3,24,6.0,24,13.0,999.9,64.9, ,54.0, ,1.24,G,999.9,110000,9999.9
245,245,245,245,245,245,245,245,245,245,245,245,245,245,72429793812,2017-09-03,39.106,-84.41609,144.8,"CINCINNATI MUNICIPAL AIRPORT LUNKEN FIELD, OH US",66.6,24,58.0,24,1017.0,22,999.2,23,9.3,24,5.6,24,8.0,999.9,81.0, ,54.0, ,0.04,G,999.9,0,9999.9
246,246,246,246,246,246,246,246,246,246,246,246,246,246,72429793812,2017-09-04,39.106,-84.41609,144.8,"CINCINNATI MUNICIPAL AIRPORT LUNKEN FIELD, OH US",70.3,24,64.4,24,1013.8,21,996.5,24,6.3,24,6.0,24,18.1,24.1,86.0, ,57.9, ,0.0,G,999.9,100000,9999.9
247,247,247,247,247,247,247,247,247,247,247,247,247,247,72429793812,2017-09-05,39.106,-84.41609,144.8,"CINCINNATI MUNICIPAL AIRPORT LUNKEN FIELD, OH US",72.9,24,61.4,24,1010.0,22,992.3,24,9.6,24,8.6,24,15.0,22.0,86.0, ,57.9, ,0.01,G,999.9,10010,9999.9
248,248,248,248,248,248,248,248,248,248,248,248,248,248,72429793812,2017-09-06,39.106,-84.41609,144.8,"CINCINNATI MUNICIPAL AIRPORT LUNKEN FIELD, OH US",59.9,24,48.8,24,1014.4,21,996.6,24,9.0,24,4.4,24,9.9,17.1,77.0, ,48.0, ,0.0,A,999.9,100000,9999.9
249,249,249,249,249,249,249,249,249,249,249,249,249,249,72429793812,2017-09-07,39.106,-84.41609,144.8,"CINCINNATI MUNICIPAL AIRPORT LUNKEN FIELD, OH US",59.0,24,48.8,24,1018.2,24,0.3,23,10.0,24,6.0,24,14.0,19.0,71.1, ,46.0, ,0.0,G,999.9,0,9999.9
250,250,250,250,250,250,250,250,250,250,250,250,250,250,72429793812,2017-09-08,39.106,-84.41609,144.8,"CINCINNATI MUNICIPAL AIRPORT LUNKEN FIELD, OH US",60.7,24,52.1,24,1022.4,23,4.4,24,9.7,24,1.8,24,8.0,999.9,75.9, ,46.0, ,0.0,G,999.9,100000,9999.9
251,251,251,251,251,251,251,251,251,251,251,251,251,251,72429793812,2017-09-09,39.106,-84.41609,144.8,"CINCINNATI MUNICIPAL AIRPORT LUNKEN FIELD, OH US",63.8,24,53.5,24,1026.8,24,8.9,24,10.0,24,4.2,24,11.1,15.0,75.9, ,46.0, ,0.0,G,999.9,0,9999.9
252,252,252,252,252,252,252,252,252,252,252,252,252,252,72429793812,2017-09-10,39.106,-84.41609,144.8,"CINCINNATI MUNICIPAL AIRPORT LUNKEN FIELD, OH US",59.4,24,49.1,24,1028.4,21,10.3,24,9.1,24,4.7,24,11.1,15.9,73.9, ,44.1, ,0.0,G,999.9,100000,9999.9
253,253,253,253,253,253,253,253,253,253,253,253,253,253,72429793812,2017-09-11,39.106,-84.41609,144.8,"CINCINNATI MUNICIPAL AIRPORT LUNKEN FIELD, OH US",58.6,24,51.2,24,1023.6,22,5.7,24,8.8,24,3.5,24,11.1,17.1,73.9, ,44.1, ,0.0,G,999.9,0,9999.9
254,254,254,254,254,254,254,254,254,254,254,254,254,254,72429793812,2017-09-12,39.106,-84.41609,144.8,"CINCINNATI MUNICIPAL AIRPORT LUNKEN FIELD, OH US",61.7,24,58.2,24,1013.5,23,995.7,24,9.3,24,5.8,24,15.0,18.1,72.0, ,46.9, ,0.0,G,999.9,10000,9999.9
255,255,255,255,255,255,255,255,255,255,255,255,255,255,72429793812,2017-09-13,39.106,-84.41609,144.8,"CINCINNATI MUNICIPAL AIRPORT LUNKEN FIELD, OH US",63.6,24,62.4,24,1009.4,21,991.7,24,9.0,24,2.6,24,9.9,15.0,71.1, ,54.0, ,0.27,G,999.9,10000,9999.9
256,256,256,256,256,256,256,256,256,256,256,256,256,256,72429793812,2017-09-14,39.106,-84.41609,144.8,"CINCINNATI MUNICIPAL AIRPORT LUNKEN FIELD, OH US",64.3,24,61.5,24,1012.8,14,994.3,24,8.6,24,2.9,24,6.0,999.9,73.0, ,60.1, ,0.19,G,999.9,10000,9999.9
257,257,257,257,257,257,257,257,257,257,257,257,257,257,72429793812,2017-09-15,39.106,-84.41609,144.8,"CINCINNATI MUNICIPAL AIRPORT LUNKEN FIELD, OH US",67.9,24,62.4,24,1017.8,20,0.1,24,6.8,24,1.0,24,6.0,999.9,81.0, ,57.0, ,0.0,G,999.9,100000,9999.9
258,258,258,258,258,258,258,258,258,258,258,258,258,258,72429793812,2017-09-16,39.106,-84.41609,144.8,"CINCINNATI MUNICIPAL AIRPORT LUNKEN FIELD, OH US",68.2,24,63.0,24,1020.4,18,2.6,24,6.6,24,0.6,24,4.1,999.9,84.0, ,57.0, ,0.0,G,999.9,100000,9999.9
259,259,259,259,259,259,259,259,259,259,259,259,259,259,72429793812,2017-09-17,39.106,-84.41609,144.8,"CINCINNATI MUNICIPAL AIRPORT LUNKEN FIELD, OH US",69.2,24,63.8,24,1019.6,17,1.8,19,6.3,24,1.0,24,5.1,999.9,84.9, ,57.0, ,0.0,G,999.9,100000,9999.9
260,260,260,260,260,260,260,260,260,260,260,260,260,260,72429793812,2017-09-18,39.106,-84.41609,144.8,"CINCINNATI MUNICIPAL AIRPORT LUNKEN FIELD, OH US",71.2,24,67.0,24,1017.6,19,0.0,23,6.8,24,0.6,24,4.1,999.9,86.0, ,57.9, ,0.0,G,999.9,100000,9999.9
261,261,261,261,261,261,261,261,261,261,261,261,261,261,72429793812,2017-09-19,39.106,-84.41609,144.8,"CINCINNATI MUNICIPAL AIRPORT LUNKEN FIELD, OH US",70.1,24,68.2,24,1015.0,18,997.4,24,6.2,24,1.4,24,7.0,999.9,86.0, ,62.1, ,0.0,G,999.9,110000,9999.9
262,262,262,262,262,262,262,262,262,262,262,262,262,262,72429793812,2017-09-20,39.106,-84.41609,144.8,"CINCINNATI MUNICIPAL AIRPORT LUNKEN FIELD, OH US",71.3,24,67.3,24,1015.6,20,997.9,24,5.3,24,2.1,24,8.0,999.9,84.9, ,63.0, ,0.21,G,999.9,100000,9999.9
263,263,263,263,263,263,263,263,263,263,263,263,263,263,72429793812,2017-09-21,39.106,-84.41609,144.8,"CINCINNATI MUNICIPAL AIRPORT LUNKEN FIELD, OH US",74.4,24,68.3,24,1017.6,18,0.0,24,5.5,24,0.9,24,5.1,999.9,91.9,*,62.6,*,0.0,G,999.9,100000,9999.9
264,264,264,264,264,264,264,264,264,264,264,264,264,264,72429793812,2017-09-22,39.106,-84.41609,144.8,"CINCINNATI MUNICIPAL AIRPORT LUNKEN FIELD, OH US",76.2,24,69.1,24,1018.0,17,0.6,24,6.1,24,0.5,24,5.1,999.9,91.9, ,63.0, ,0.0,G,999.9,100000,9999.9
265,265,265,265,265,265,265,265,265,265,265,265,265,265,72429793812,2017-09-23,39.106,-84.41609,144.8,"CINCINNATI MUNICIPAL AIRPORT LUNKEN FIELD, OH US",75.0,24,66.3,24,1018.5,18,0.8,24,6.8,24,1.7,24,8.0,999.9,91.9, ,61.0, ,0.0,G,999.9,100000,9999.9
266,266,266,266,266,266,266,266,266,266,266,266,266,266,72429793812,2017-09-24,39.106,-84.41609,144.8,"CINCINNATI MUNICIPAL AIRPORT LUNKEN FIELD, OH US",73.0,24,61.9,24,1018.2,19,0.7,24,7.9,24,2.3,24,8.0,999.9,91.9, ,57.9, ,0.0,G,999.9,100000,9999.9
267,267,267,267,267,267,267,267,267,267,267,267,267,267,72429793812,2017-09-25,39.106,-84.41609,144.8,"CINCINNATI MUNICIPAL AIRPORT LUNKEN FIELD, OH US",70.9,24,63.5,24,1016.8,23,999.1,24,9.6,24,0.9,24,5.1,999.9,91.9, ,57.9, ,0.0,G,999.9,0,9999.9
268,268,268,268,268,268,268,268,268,268,268,268,268,268,72429793812,2017-09-26,39.106,-84.41609,144.8,"CINCINNATI MUNICIPAL AIRPORT LUNKEN FIELD, OH US",73.1,24,64.4,24,1015.4,16,998.0,24,6.6,24,1.2,24,6.0,999.9,91.0, ,57.9, ,0.0,G,999.9,100000,9999.9
269,269,269,269,269,269,269,269,269,269,269,269,269,269,72429793812,2017-09-27,39.106,-84.41609,144.8,"CINCINNATI MUNICIPAL AIRPORT LUNKEN FIELD, OH US",73.9,24,64.6,24,1014.5,21,997.0,24,8.3,24,3.0,24,13.0,17.1,91.9,*,60.8,*,0.0,G,999.9,100000,9999.9
270,270,270,270,270,270,270,270,270,270,270,270,270,270,72429793812,2017-09-28,39.106,-84.41609,144.8,"CINCINNATI MUNICIPAL AIRPORT LUNKEN FIELD, OH US",67.2,24,54.0,24,1018.3,24,0.7,24,10.0,24,7.5,24,14.0,20.0,91.9, ,55.9, ,0.0,G,999.9,0,9999.9
271,271,271,271,271,271,271,271,271,271,271,271,271,271,72429793812,2017-09-29,39.106,-84.41609,144.8,"CINCINNATI MUNICIPAL AIRPORT LUNKEN FIELD, OH US",61.5,24,50.0,24,1020.8,24,2.8,24,10.0,24,2.6,24,11.1,15.9,80.1, ,46.0, ,0.0,G,999.9,0,9999.9
272,272,272,272,272,272,272,272,272,272,272,272,272,272,72429793812,2017-09-30,39.106,-84.41609,144.8,"CINCINNATI MUNICIPAL AIRPORT LUNKEN FIELD, OH US",61.0,24,45.6,24,1026.3,24,8.2,24,10.0,24,6.8,24,12.0,15.0,80.1, ,46.0, ,0.0,G,999.9,0,9999.9
273,273,273,273,273,273,273,273,273,273,273,273,273,273,72429793812,2017-10-01,39.106,-84.41609,144.8,"CINCINNATI MUNICIPAL AIRPORT LUNKEN FIELD, OH US",55.8,24,46.3,24,1025.6,24,7.5,24,10.0,24,3.2,24,7.0,999.9,75.0, ,39.0, ,0.0,G,999.9,0,9999.9
274,274,274,274,274,274,274,274,274,274,274,274,274,274,72429793812,2017-10-02,39.106,-84.41609,144.8,"CINCINNATI MUNICIPAL AIRPORT LUNKEN FIELD, OH US",59.8,24,50.1,24,1025.1,22,7.0,24,8.8,24,1.9,24,7.0,999.9,79.0, ,39.0, ,0.0,G,999.9,100000,9999.9
275,275,275,275,275,275,275,275,275,275,275,275,275,275,72429793812,2017-10-03,39.106,-84.41609,144.8,"CINCINNATI MUNICIPAL AIRPORT LUNKEN FIELD, OH US",64.4,24,56.1,24,1028.8,24,10.7,24,10.0,24,2.9,24,11.1,17.1,82.9, ,51.1, ,0.0,G,999.9,0,9999.9
276,276,276,276,276,276,276,276,276,276,276,276,276,276,72429793812,2017-10-04,39.106,-84.41609,144.8,"CINCINNATI MUNICIPAL AIRPORT LUNKEN FIELD, OH US",68.0,24,60.0,24,1028.1,20,10.3,24,8.6,24,2.4,24,8.0,15.0,86.0, ,51.1, ,0.0,G,999.9,100000,9999.9
277,277,277,277,277,277,277,277,277,277,277,277,277,277,72429793812,2017-10-05,39.106,-84.41609,144.8,"CINCINNATI MUNICIPAL AIRPORT LUNKEN FIELD, OH US",67.5,24,65.3,24,1023.4,18,5.5,24,8.7,24,1.2,24,8.0,15.0,86.0, ,53.1, ,0.31,G,999.9,10010,9999.9
278,278,278,278,278,278,278,278,278,278,278,278,278,278,72429793812,2017-10-06,39.106,-84.41609,144.8,"CINCINNATI MUNICIPAL AIRPORT LUNKEN FIELD, OH US",70.1,24,62.7,24,1018.5,20,1.0,24,6.8,24,3.2,24,11.1,999.9,82.0, ,62.1, ,0.0,I,999.9,100000,9999.9
279,279,279,279,279,279,279,279,279,279,279,279,279,279,72429793812,2017-10-07,39.106,-84.41609,144.8,"CINCINNATI MUNICIPAL AIRPORT LUNKEN FIELD, OH US",72.0,24,63.9,24,1012.2,23,994.6,24,10.0,24,7.0,24,18.1,26.0,84.9, ,62.1, ,0.0,G,999.9,10000,9999.9
280,280,280,280,280,280,280,280,280,280,280,280,280,280,72429793812,2017-10-08,39.106,-84.41609,144.8,"CINCINNATI MUNICIPAL AIRPORT LUNKEN FIELD, OH US",67.3,24,65.4,23,1011.4,17,993.0,24,7.4,24,5.4,24,32.1,42.0,84.9, ,62.1, ,0.7,G,999.9,10010,9999.9
281,281,281,281,281,281,281,281,281,281,281,281,281,281,72429793812,2017-10-09,39.106,-84.41609,144.8,"CINCINNATI MUNICIPAL AIRPORT LUNKEN FIELD, OH US",71.0,24,68.4,24,1011.6,18,992.8,24,7.9,24,4.3,24,7.0,999.9,77.0, ,62.1, ,1.55,G,999.9,10000,9999.9
282,282,282,282,282,282,282,282,282,282,282,282,282,282,72429793812,2017-10-10,39.106,-84.41609,144.8,"CINCINNATI MUNICIPAL AIRPORT LUNKEN FIELD, OH US",67.1,24,64.9,24,1018.2,11,0.7,24,4.2,24,2.1,24,8.0,999.9,77.0, ,59.0, ,0.03,G,999.9,110000,9999.9
283,283,283,283,283,283,283,283,283,283,283,283,283,283,72429793812,2017-10-11,39.106,-84.41609,144.8,"CINCINNATI MUNICIPAL AIRPORT LUNKEN FIELD, OH US",67.4,24,64.3,24,1016.2,19,998.3,24,8.3,24,6.0,24,15.9,22.0,77.0, ,59.0, ,0.23,G,999.9,10000,9999.9
284,284,284,284,284,284,284,284,284,284,284,284,284,284,72429793812,2017-10-12,39.106,-84.41609,144.8,"CINCINNATI MUNICIPAL AIRPORT LUNKEN FIELD, OH US",62.1,24,58.0,24,1020.7,21,2.9,24,9.9,24,2.7,24,7.0,999.9,73.9, ,60.1, ,0.16,G,999.9,0,9999.9
285,285,285,285,285,285,285,285,285,285,285,285,285,285,72429793812,2017-10-13,39.106,-84.41609,144.8,"CINCINNATI MUNICIPAL AIRPORT LUNKEN FIELD, OH US",62.6,24,57.9,24,1021.6,17,4.0,24,6.4,24,0.9,24,6.0,999.9,73.9, ,53.1, ,0.0,G,999.9,100000,9999.9
286,286,286,286,286,286,286,286,286,286,286,286,286,286,72429793812,2017-10-14,39.106,-84.41609,144.8,"CINCINNATI MUNICIPAL AIRPORT LUNKEN FIELD, OH US",64.4,24,58.0,24,1020.4,17,3.1,24,6.5,24,3.0,24,9.9,999.9,82.0, ,53.1, ,0.0,G,999.9,100000,9999.9
287,287,287,287,287,287,287,287,287,287,287,287,287,287,72429793812,2017-10-15,39.106,-84.41609,144.8,"CINCINNATI MUNICIPAL AIRPORT LUNKEN FIELD, OH US",68.5,24,63.4,24,1015.3,21,997.7,24,9.4,24,10.6,24,18.1,26.0,82.0, ,53.1, ,0.0,G,999.9,10000,9999.9
288,288,288,288,288,288,288,288,288,288,288,288,288,288,72429793812,2017-10-16,39.106,-84.41609,144.8,"CINCINNATI MUNICIPAL AIRPORT LUNKEN FIELD, OH US",53.7,24,43.6,24,1025.0,24,6.9,24,10.0,24,4.0,24,8.9,17.1,61.0,*,44.1,*,0.06,G,999.9,0,9999.9
289,289,289,289,289,289,289,289,289,289,289,289,289,289,72429793812,2017-10-17,39.106,-84.41609,144.8,"CINCINNATI MUNICIPAL AIRPORT LUNKEN FIELD, OH US",50.2,24,42.6,24,1027.2,20,9.1,24,8.0,24,2.3,24,9.9,999.9,66.9, ,39.0, ,0.0,G,999.9,100000,9999.9
290,290,290,290,290,290,290,290,290,290,290,290,290,290,72429793812,2017-10-18,39.106,-84.41609,144.8,"CINCINNATI MUNICIPAL AIRPORT LUNKEN FIELD, OH US",51.7,24,44.5,24,1025.5,17,7.5,24,7.1,24,2.4,24,9.9,999.9,70.0, ,37.9, ,0.0,G,999.9,100000,9999.9
291,291,291,291,291,291,291,291,291,291,291,291,291,291,72429793812,2017-10-19,39.106,-84.41609,144.8,"CINCINNATI MUNICIPAL AIRPORT LUNKEN FIELD, OH US",55.0,24,48.3,24,1023.5,23,5.4,24,8.4,24,3.1,24,9.9,999.9,73.0, ,37.9, ,0.0,G,999.9,100000,9999.9
292,292,292,292,292,292,292,292,292,292,292,292,292,292,72429793812,2017-10-20,39.106,-84.41609,144.8,"CINCINNATI MUNICIPAL AIRPORT LUNKEN FIELD, OH US",57.9,24,52.4,24,1024.4,17,6.5,24,6.1,24,1.0,24,6.0,999.9,75.0, ,41.0, ,0.0,G,999.9,100000,9999.9
293,293,293,293,293,293,293,293,293,293,293,293,293,293,72429793812,2017-10-21,39.106,-84.41609,144.8,"CINCINNATI MUNICIPAL AIRPORT LUNKEN FIELD, OH US",57.6,24,52.4,24,1023.5,17,5.4,24,5.6,24,1.3,24,7.0,999.9,75.0, ,45.0, ,0.0,G,999.9,100000,9999.9
294,294,294,294,294,294,294,294,294,294,294,294,294,294,72429793812,2017-10-22,39.106,-84.41609,144.8,"CINCINNATI MUNICIPAL AIRPORT LUNKEN FIELD, OH US",58.6,24,51.2,24,1021.7,18,3.9,24,7.0,24,4.1,24,15.0,21.0,77.0, ,44.1, ,0.0,G,999.9,100000,9999.9
295,295,295,295,295,295,295,295,295,295,295,295,295,295,72429793812,2017-10-23,39.106,-84.41609,144.8,"CINCINNATI MUNICIPAL AIRPORT LUNKEN FIELD, OH US",62.0,24,57.6,24,1011.0,22,993.2,24,9.2,24,4.8,24,15.0,26.0,77.0, ,44.1, ,0.01,G,999.9,10000,9999.9
296,296,296,296,296,296,296,296,296,296,296,296,296,296,72429793812,2017-10-24,39.106,-84.41609,144.8,"CINCINNATI MUNICIPAL AIRPORT LUNKEN FIELD, OH US",51.1,24,45.5,24,1008.4,16,990.0,24,9.5,24,10.1,24,15.9,25.1,66.9, ,46.0, ,0.72,G,999.9,10000,9999.9
297,297,297,297,297,297,297,297,297,297,297,297,297,297,72429793812,2017-10-25,39.106,-84.41609,144.8,"CINCINNATI MUNICIPAL AIRPORT LUNKEN FIELD, OH US",47.0,24,37.5,24,1011.2,19,993.3,24,10.0,24,7.9,24,13.0,17.1,55.9, ,42.1, ,0.06,G,999.9,0,43.156208516847684
298,298,298,298,298,298,298,298,298,298,298,298,298,298,72429793812,2017-10-26,39.106,-84.41609,144.8,"CINCINNATI MUNICIPAL AIRPORT LUNKEN FIELD, OH US",43.2,24,36.5,24,1013.4,18,995.5,24,7.0,24,2.4,24,8.0,999.9,61.0, ,30.9, ,0.0,G,999.9,100000,9999.9
299,299,299,299,299,299,299,299,299,299,299,299,299,299,72429793812,2017-10-27,39.106,-84.41609,144.8,"CINCINNATI MUNICIPAL AIRPORT LUNKEN FIELD, OH US",53.5,24,44.7,24,1010.7,24,992.7,24,9.8,24,7.6,24,15.0,21.0,66.9, ,30.9, ,0.0,G,999.9,10000,9999.9
300,300,300,300,300,300,300,300,300,300,300,300,300,300,72429793812,2017-10-28,39.106,-84.41609,144.8,"CINCINNATI MUNICIPAL AIRPORT LUNKEN FIELD, OH US",39.9,24,34.9,24,1014.3,14,995.9,24,8.1,24,5.2,24,11.1,999.9,42.8,*,35.6,*,0.95,G,999.9,10000,36.20271652315518
301,301,301,301,301,301,301,301,301,301,301,301,301,301,72429793812,2017-10-29,39.106,-84.41609,144.8,"CINCINNATI MUNICIPAL AIRPORT LUNKEN FIELD, OH US",39.5,24,30.5,24,1012.8,23,994.7,24,10.0,24,5.7,24,11.1,999.9,43.0, ,36.0, ,0.58,G,999.9,0,35.368104027305606
302,302,302,302,302,302,302,302,302,302,302,302,302,302,72429793812,2017-10-30,39.106,-84.41609,144.8,"CINCINNATI MUNICIPAL AIRPORT LUNKEN FIELD, OH US",39.9,24,32.0,24,1011.4,23,993.2,24,10.0,24,8.1,24,13.0,19.0,48.0, ,33.1, ,0.0,G,999.9,10000,34.41438381292028
303,303,303,303,303,303,303,303,303,303,303,303,303,303,72429793812,2017-10-31,39.106,-84.41609,144.8,"CINCINNATI MUNICIPAL AIRPORT LUNKEN FIELD, OH US",40.9,24,32.8,24,1020.9,24,2.6,24,10.0,24,5.6,24,12.0,999.9,48.0, ,33.1, ,0.03,G,999.9,0,37.09712933694813
304,304,304,304,304,304,304,304,304,304,304,304,304,304,72429793812,2017-11-01,39.106,-84.41609,144.8,"CINCINNATI MUNICIPAL AIRPORT LUNKEN FIELD, OH US",39.4,24,38.4,24,1020.1,17,1.6,24,6.0,24,1.3,24,4.1,999.9,48.0, ,30.0, ,0.09,G,999.9,10000,9999.9
305,305,305,305,305,305,305,305,305,305,305,305,305,305,72429793812,2017-11-02,39.106,-84.41609,144.8,"CINCINNATI MUNICIPAL AIRPORT LUNKEN FIELD, OH US",60.5,24,55.7,24,1016.7,23,998.7,24,9.5,24,6.5,24,13.0,18.1,69.1, ,34.0, ,0.19,G,999.9,0,9999.9
306,306,306,306,306,306,306,306,306,306,306,306,306,306,72429793812,2017-11-03,39.106,-84.41609,144.8,"CINCINNATI MUNICIPAL AIRPORT LUNKEN FIELD, OH US",59.2,24,56.6,24,1020.5,19,2.1,24,8.8,24,6.5,24,13.0,18.1,69.1, ,46.0, ,0.12,G,999.9,10000,9999.9
307,307,307,307,307,307,307,307,307,307,307,307,307,307,72429793812,2017-11-04,39.106,-84.41609,144.8,"CINCINNATI MUNICIPAL AIRPORT LUNKEN FIELD, OH US",50.0,24,48.6,24,1020.1,16,2.4,24,6.4,24,2.4,24,8.0,999.9,66.0, ,37.0, ,0.01,G,999.9,100000,9999.9
308,308,308,308,308,308,308,308,308,308,308,308,308,308,72429793812,2017-11-05,39.106,-84.41609,144.8,"CINCINNATI MUNICIPAL AIRPORT LUNKEN FIELD, OH US",64.6,24,60.7,24,1012.7,15,994.7,24,7.7,24,7.0,24,22.0,34.0,75.0,*,53.6,*,0.0,G,999.9,110010,9999.9
309,309,309,309,309,309,309,309,309,309,309,309,309,309,72429793812,2017-11-06,39.106,-84.41609,144.8,"CINCINNATI MUNICIPAL AIRPORT LUNKEN FIELD, OH US",56.5,24,51.1,23,1017.9,15,998.5,24,9.0,24,7.9,24,18.1,24.1,75.0, ,50.0, ,1.58,G,999.9,10010,9999.9
310,310,310,310,310,310,310,310,310,310,310,310,310,310,72429793812,2017-11-07,39.106,-84.41609,144.8,"CINCINNATI MUNICIPAL AIRPORT LUNKEN FIELD, OH US",46.6,24,41.9,24,1021.3,20,3.1,24,9.1,24,8.1,24,11.1,18.1,48.9,*,42.8,*,0.38,G,999.9,10000,42.58127652072642
311,311,311,311,311,311,311,311,311,311,311,311,311,311,72429793812,2017-11-08,39.106,-84.41609,144.8,"CINCINNATI MUNICIPAL AIRPORT LUNKEN FIELD, OH US",45.3,24,36.3,24,1024.6,24,6.4,24,10.0,24,6.2,24,9.9,15.9,53.1, ,39.9, ,0.02,G,999.9,0,41.95533350570362
312,312,312,312,312,312,312,312,312,312,312,312,312,312,72429793812,2017-11-09,39.106,-84.41609,144.8,"CINCINNATI MUNICIPAL AIRPORT LUNKEN FIELD, OH US",40.1,24,33.8,24,1022.2,20,4.0,24,5.7,24,3.0,24,9.9,999.9,57.0, ,30.0, ,0.0,G,999.9,100000,9999.9
313,313,313,313,313,313,313,313,313,313,313,313,313,313,72429793812,2017-11-10,39.106,-84.41609,144.8,"CINCINNATI MUNICIPAL AIRPORT LUNKEN FIELD, OH US",35.2,24,20.3,24,1030.9,23,12.1,24,10.0,24,8.2,24,15.0,22.0,57.0, ,28.9, ,0.0,G,999.9,0,28.62851512199403
314,314,314,314,314,314,314,314,314,314,314,314,314,314,72429793812,2017-11-11,39.106,-84.41609,144.8,"CINCINNATI MUNICIPAL AIRPORT LUNKEN FIELD, OH US",31.3,24,20.3,24,1031.8,24,13.1,24,10.0,24,4.4,24,8.0,999.9,43.0, ,24.1, ,0.0,G,999.9,0,26.839634436110725
315,315,315,315,315,315,315,315,315,315,315,315,315,315,72429793812,2017-11-12,39.106,-84.41609,144.8,"CINCINNATI MUNICIPAL AIRPORT LUNKEN FIELD, OH US",39.6,24,35.4,24,1026.6,21,7.8,24,9.1,24,0.5,24,8.0,999.9,53.6,*,30.9,*,0.0,G,999.9,10000,9999.9
316,316,316,316,316,316,316,316,316,316,316,316,316,316,72429793812,2017-11-13,39.106,-84.41609,144.8,"CINCINNATI MUNICIPAL AIRPORT LUNKEN FIELD, OH US",43.4,24,38.9,24,1030.4,17,11.3,24,8.4,24,5.9,24,11.1,19.0,53.1, ,32.0, ,0.09,G,999.9,10000,39.86887726799533
317,317,317,317,317,317,317,317,317,317,317,317,317,317,72429793812,2017-11-14,39.106,-84.41609,144.8,"CINCINNATI MUNICIPAL AIRPORT LUNKEN FIELD, OH US",42.8,24,34.9,24,1028.9,24,10.4,24,10.0,24,3.2,24,6.0,999.9,53.1, ,33.1, ,0.0,G,999.9,0,41.31722929072382
318,318,318,318,318,318,318,318,318,318,318,318,318,318,72429793812,2017-11-15,39.106,-84.41609,144.8,"CINCINNATI MUNICIPAL AIRPORT LUNKEN FIELD, OH US",38.6,24,36.9,24,1019.4,17,1.2,24,6.1,24,3.9,24,14.0,999.9,53.1, ,28.0, ,0.0,G,999.9,110000,35.7985483427533
319,319,319,319,319,319,319,319,319,319,319,319,319,319,72429793812,2017-11-16,39.106,-84.41609,144.8,"CINCINNATI MUNICIPAL AIRPORT LUNKEN FIELD, OH US",41.8,24,36.3,24,1020.8,22,2.0,24,9.6,24,6.5,24,13.0,18.1,51.8,*,35.1,*,0.3,G,999.9,0,37.59489573469075
320,320,320,320,320,320,320,320,320,320,320,320,320,320,72429793812,2017-11-17,39.106,-84.41609,144.8,"CINCINNATI MUNICIPAL AIRPORT LUNKEN FIELD, OH US",41.2,24,31.7,24,1023.3,24,4.9,24,10.0,24,4.6,24,8.0,999.9,50.0, ,35.1, ,0.0,G,999.9,0,38.19283015848932
321,321,321,321,321,321,321,321,321,321,321,321,321,321,72429793812,2017-11-18,39.106,-84.41609,144.8,"CINCINNATI MUNICIPAL AIRPORT LUNKEN FIELD, OH US",56.8,24,48.4,24,1003.0,20,983.6,24,9.5,24,13.2,23,25.1,42.0,68.0, ,36.0, ,0.03,G,999.9,10000,9999.9
322,322,322,322,322,322,322,322,322,322,322,322,322,322,72429793812,2017-11-19,39.106,-84.41609,144.8,"CINCINNATI MUNICIPAL AIRPORT LUNKEN FIELD, OH US",41.4,24,34.3,24,1013.4,18,993.6,24,9.8,24,11.4,24,20.0,34.0,68.0, ,34.0, ,0.65,G,999.9,10000,34.82495598513185
323,323,323,323,323,323,323,323,323,323,323,323,323,323,72429793812,2017-11-20,39.106,-84.41609,144.8,"CINCINNATI MUNICIPAL AIRPORT LUNKEN FIELD, OH US",34.5,24,24.7,24,1022.6,24,4.2,24,10.0,24,5.8,23,13.0,999.9,48.9, ,23.0, ,0.01,G,999.9,0,29.359411906880418
324,324,324,324,324,324,324,324,324,324,324,324,324,324,72429793812,2017-11-21,39.106,-84.41609,144.8,"CINCINNATI MUNICIPAL AIRPORT LUNKEN FIELD, OH US",41.4,24,29.0,24,1015.7,24,997.5,24,10.0,24,7.9,24,19.0,25.1,57.9, ,23.0, ,0.0,G,999.9,0,36.3435055431503
325,325,325,325,325,325,325,325,325,325,325,325,325,325,72429793812,2017-11-22,39.106,-84.41609,144.8,"CINCINNATI MUNICIPAL AIRPORT LUNKEN FIELD, OH US",37.0,24,28.2,24,1023.9,22,5.3,24,10.0,24,5.8,24,13.0,21.0,57.9, ,26.1, ,0.02,G,999.9,10000,32.32903590661955
326,326,326,326,326,326,326,326,326,326,326,326,326,326,72429793812,2017-11-23,39.106,-84.41609,144.8,"CINCINNATI MUNICIPAL AIRPORT LUNKEN FIELD, OH US",31.1,24,25.3,24,1022.3,21,3.9,24,7.1,24,1.9,24,7.0,999.9,46.0, ,21.9, ,0.0,G,999.9,100000,9999.9
327,327,327,327,327,327,327,327,327,327,327,327,327,327,72429793812,2017-11-24,39.106,-84.41609,144.8,"CINCINNATI MUNICIPAL AIRPORT LUNKEN FIELD, OH US",37.2,24,27.1,24,1015.2,24,996.9,24,9.0,24,3.4,24,12.0,999.9,57.9, ,21.9, ,0.0,G,999.9,0,34.72012068327933
328,328,328,328,328,328,328,328,328,328,328,328,328,328,72429793812,2017-11-25,39.106,-84.41609,144.8,"CINCINNATI MUNICIPAL AIRPORT LUNKEN FIELD, OH US",51.5,24,32.4,24,1010.8,24,992.8,24,10.0,24,8.6,24,14.0,21.0,60.1,*,45.0,*,0.0,G,999.9,0,9999.9
329,329,329,329,329,329,329,329,329,329,329,329,329,329,72429793812,2017-11-26,39.106,-84.41609,144.8,"CINCINNATI MUNICIPAL AIRPORT LUNKEN FIELD, OH US",39.3,24,28.9,24,1022.5,23,4.2,24,9.6,24,2.8,24,8.9,999.9,51.1,*,25.0,*,0.0,G,999.9,0,9999.9
330,330,330,330,330,330,330,330,330,330,330,330,330,330,72429793812,2017-11-27,39.106,-84.41609,144.8,"CINCINNATI MUNICIPAL AIRPORT LUNKEN FIELD, OH US",40.1,24,30.5,24,1022.2,24,3.8,24,9.8,24,2.8,24,11.1,999.9,63.0, ,24.1, ,0.0,G,999.9,0,9999.9
331,331,331,331,331,331,331,331,331,331,331,331,331,331,72429793812,2017-11-28,39.106,-84.41609,144.8,"CINCINNATI MUNICIPAL AIRPORT LUNKEN FIELD, OH US",46.3,24,33.4,24,1021.6,24,3.4,24,10.0,24,3.8,24,18.1,22.0,64.0, ,27.0, ,0.0,G,999.9,0,44.75895875702095
332,332,332,332,332,332,332,332,332,332,332,332,332,332,72429793812,2017-11-29,39.106,-84.41609,144.8,"CINCINNATI MUNICIPAL AIRPORT LUNKEN FIELD, OH US",48.5,24,36.6,24,1024.5,24,6.3,24,10.0,24,3.1,24,9.9,999.9,64.0, ,30.0, ,0.0,G,999.9,0,47.88661008211997
333,333,333,333,333,333,333,333,333,333,333,333,333,333,72429793812,2017-11-30,39.106,-84.41609,144.8,"CINCINNATI MUNICIPAL AIRPORT LUNKEN FIELD, OH US",43.1,24,40.6,24,1020.7,20,2.1,24,7.9,24,0.8,24,6.0,999.9,61.0, ,34.0, ,0.0,G,999.9,110000,9999.9
334,334,334,334,334,334,334,334,334,334,334,334,334,334,72429793812,2017-12-01,39.106,-84.41609,144.8,"CINCINNATI MUNICIPAL AIRPORT LUNKEN FIELD, OH US",36.8,24,32.5,24,1024.6,22,6.2,24,3.7,24,0.7,24,5.1,999.9,54.0, ,28.0, ,0.08,G,999.9,100000,9999.9
335,335,335,335,335,335,335,335,335,335,335,335,335,335,72429793812,2017-12-02,39.106,-84.41609,144.8,"CINCINNATI MUNICIPAL AIRPORT LUNKEN FIELD, OH US",37.0,24,30.9,24,1023.2,22,4.9,24,8.3,24,1.5,24,7.0,999.9,55.0, ,25.0, ,0.0,G,999.9,100000,9999.9
336,336,336,336,336,336,336,336,336,336,336,336,336,336,72429793812,2017-12-03,39.106,-84.41609,144.8,"CINCINNATI MUNICIPAL AIRPORT LUNKEN FIELD, OH US",38.0,24,31.9,24,1023.8,19,5.3,24,7.2,24,0.3,24,5.1,999.9,59.0, ,25.0, ,0.0,G,999.9,100000,9999.9
337,337,337,337,337,337,337,337,337,337,337,337,337,337,72429793812,2017-12-04,39.106,-84.41609,144.8,"CINCINNATI MUNICIPAL AIRPORT LUNKEN FIELD, OH US",42.4,24,35.2,24,1020.0,18,2.4,24,7.3,24,3.0,24,11.1,999.9,64.9, ,25.0, ,0.0,G,999.9,0,9999.9
338,338,338,338,338,338,338,338,338,338,338,338,338,338,72429793812,2017-12-05,39.106,-84.41609,144.8,"CINCINNATI MUNICIPAL AIRPORT LUNKEN FIELD, OH US",51.3,24,41.8,24,1014.7,19,996.7,24,8.9,24,11.1,24,17.1,24.1,64.9, ,28.0, ,0.56,G,999.9,10000,9999.9
339,339,339,339,339,339,339,339,339,339,339,339,339,339,72429793812,2017-12-06,39.106,-84.41609,144.8,"CINCINNATI MUNICIPAL AIRPORT LUNKEN FIELD, OH US",34.3,24,23.1,24,1020.9,24,2.5,24,10.0,24,8.4,24,17.1,22.9,59.0, ,25.0, ,0.5,G,999.9,0,27.416348745239596
340,340,340,340,340,340,340,340,340,340,340,340,340,340,72429793812,2017-12-07,39.106,-84.41609,144.8,"CINCINNATI MUNICIPAL AIRPORT LUNKEN FIELD, OH US",32.0,24,23.1,24,1021.4,22,3.1,24,10.0,24,6.2,24,12.0,22.0,46.0, ,25.0, ,0.0,G,999.9,0,26.076127559752738
341,341,341,341,341,341,341,341,341,341,341,341,341,341,72429793812,2017-12-08,39.106,-84.41609,144.8,"CINCINNATI MUNICIPAL AIRPORT LUNKEN FIELD, OH US",24.4,24,14.2,24,1021.8,24,3.2,24,10.0,24,5.5,24,9.9,999.9,37.0, ,18.0, ,0.0,G,999.9,0,17.64595288888411
342,342,342,342,342,342,342,342,342,342,342,342,342,342,72429793812,2017-12-09,39.106,-84.41609,144.8,"CINCINNATI MUNICIPAL AIRPORT LUNKEN FIELD, OH US",24.3,24,17.6,24,1013.9,18,994.8,24,8.2,24,4.5,24,9.9,17.1,33.1, ,16.0, ,0.0,G,999.9,1000,18.580306436169405
343,343,343,343,343,343,343,343,343,343,343,343,343,343,72429793812,2017-12-10,39.106,-84.41609,144.8,"CINCINNATI MUNICIPAL AIRPORT LUNKEN FIELD, OH US",29.8,24,19.7,24,1019.6,22,0.8,24,9.8,24,10.1,24,15.9,22.0,37.9, ,16.0, ,0.0,G,999.9,1000,20.947413836263173
344,344,344,344,344,344,344,344,344,344,344,344,344,344,72429793812,2017-12-11,39.106,-84.41609,144.8,"CINCINNATI MUNICIPAL AIRPORT LUNKEN FIELD, OH US",32.7,24,24.1,24,1016.6,24,998.2,24,9.8,24,3.3,24,11.1,18.1,46.0, ,19.0, ,0.0,G,999.9,0,29.709712674461617
345,345,345,345,345,345,345,345,345,345,345,345,345,345,72429793812,2017-12-12,39.106,-84.41609,144.8,"CINCINNATI MUNICIPAL AIRPORT LUNKEN FIELD, OH US",34.4,24,22.3,24,1011.7,19,993.7,24,9.2,24,11.0,24,20.0,27.0,46.0, ,19.0, ,0.02,G,999.9,11000,26.234349880878028
346,346,346,346,346,346,346,346,346,346,346,346,346,346,72429793812,2017-12-13,39.106,-84.41609,144.8,"CINCINNATI MUNICIPAL AIRPORT LUNKEN FIELD, OH US",26.7,24,10.2,24,1011.4,24,993.0,24,10.0,24,7.9,24,15.0,21.0,44.1, ,15.1, ,0.0,I,999.9,0,18.460160237194692
347,347,347,347,347,347,347,347,347,347,347,347,347,347,72429793812,2017-12-14,39.106,-84.41609,144.8,"CINCINNATI MUNICIPAL AIRPORT LUNKEN FIELD, OH US",32.4,24,20.6,24,1011.9,21,993.6,24,9.9,24,10.0,24,26.0,39.0,46.9, ,15.1, ,0.0,G,999.9,0,24.222914460434936
348,348,348,348,348,348,348,348,348,348,348,348,348,348,72429793812,2017-12-15,39.106,-84.41609,144.8,"CINCINNATI MUNICIPAL AIRPORT LUNKEN FIELD, OH US",27.1,24,18.7,24,1018.9,24,0.4,24,9.7,24,4.7,24,13.0,18.1,41.0, ,19.0, ,0.0,G,999.9,0,21.6285655076465
349,349,349,349,349,349,349,349,349,349,349,349,349,349,72429793812,2017-12-16,39.106,-84.41609,144.8,"CINCINNATI MUNICIPAL AIRPORT LUNKEN FIELD, OH US",38.1,24,25.8,24,1019.8,24,1.4,24,10.0,24,9.4,24,18.1,25.1,51.1, ,19.0, ,0.0,G,999.9,0,31.564769525250817
350,350,350,350,350,350,350,350,350,350,350,350,350,350,72429793812,2017-12-17,39.106,-84.41609,144.8,"CINCINNATI MUNICIPAL AIRPORT LUNKEN FIELD, OH US",37.1,24,30.2,24,1021.8,24,3.5,24,10.0,24,2.2,24,7.0,999.9,51.1, ,25.0, ,0.0,G,999.9,0,9999.9
351,351,351,351,351,351,351,351,351,351,351,351,351,351,72429793812,2017-12-18,39.106,-84.41609,144.8,"CINCINNATI MUNICIPAL AIRPORT LUNKEN FIELD, OH US",44.4,24,41.4,24,1019.9,16,1.2,24,7.6,24,6.7,24,11.1,999.9,48.2,*,42.1,*,0.0,G,999.9,10000,40.60042843213008
352,352,352,352,352,352,352,352,352,352,352,352,352,352,72429793812,2017-12-19,39.106,-84.41609,144.8,"CINCINNATI MUNICIPAL AIRPORT LUNKEN FIELD, OH US",46.9,24,41.9,24,1018.0,21,999.8,24,8.5,24,8.2,24,12.0,17.1,50.0, ,41.0, ,0.0,G,999.9,0,42.9038403074141
353,353,353,353,353,353,353,353,353,353,353,353,353,353,72429793812,2017-12-20,39.106,-84.41609,144.8,"CINCINNATI MUNICIPAL AIRPORT LUNKEN FIELD, OH US",40.6,24,31.8,24,1018.6,17,0.5,24,6.2,24,2.9,24,8.0,999.9,50.0, ,32.0, ,0.0,G,999.9,100000,9999.9
354,354,354,354,354,354,354,354,354,354,354,354,354,354,72429793812,2017-12-21,39.106,-84.41609,144.8,"CINCINNATI MUNICIPAL AIRPORT LUNKEN FIELD, OH US",35.9,24,24.8,24,1018.2,24,999.8,24,10.0,24,1.8,24,8.0,999.9,55.9, ,21.9, ,0.0,G,999.9,0,9999.9
355,355,355,355,355,355,355,355,355,355,355,355,355,355,72429793812,2017-12-22,39.106,-84.41609,144.8,"CINCINNATI MUNICIPAL AIRPORT LUNKEN FIELD, OH US",51.8,24,48.6,24,1014.9,15,996.9,24,7.9,24,5.6,24,13.0,999.9,55.9,*,37.9,*,0.0,G,999.9,110000,9999.9
356,356,356,356,356,356,356,356,356,356,356,356,356,356,72429793812,2017-12-23,39.106,-84.41609,144.8,"CINCINNATI MUNICIPAL AIRPORT LUNKEN FIELD, OH US",43.4,24,41.4,24,1015.3,14,996.4,24,6.1,24,6.0,24,15.0,22.0,57.0, ,36.0, ,1.31,G,999.9,10000,39.8073633065824
357,357,357,357,357,357,357,357,357,357,357,357,357,357,72429793812,2017-12-24,39.106,-84.41609,144.8,"CINCINNATI MUNICIPAL AIRPORT LUNKEN FIELD, OH US",34.3,24,29.9,24,1021.1,19,2.1,24,8.3,24,3.9,24,8.9,999.9,52.0, ,30.0, ,0.15,G,999.9,11000,30.840631569553633
358,358,358,358,358,358,358,358,358,358,358,358,358,358,72429793812,2017-12-25,39.106,-84.41609,144.8,"CINCINNATI MUNICIPAL AIRPORT LUNKEN FIELD, OH US",25.8,24,14.8,24,1026.6,19,6.4,24,9.2,24,13.5,24,22.0,32.1,34.0,*,21.9,*,0.06,G,999.9,1000,14.2851132182974
359,359,359,359,359,359,359,359,359,359,359,359,359,359,72429793812,2017-12-26,39.106,-84.41609,144.8,"CINCINNATI MUNICIPAL AIRPORT LUNKEN FIELD, OH US",23.3,24,10.4,24,1033.8,24,14.9,24,9.8,24,6.2,24,8.9,999.9,28.9, ,19.9, ,0.0,G,999.9,1000,15.688977805634499
360,360,360,360,360,360,360,360,360,360,360,360,360,360,72429793812,2017-12-27,39.106,-84.41609,144.8,"CINCINNATI MUNICIPAL AIRPORT LUNKEN FIELD, OH US",13.0,24,1.1,24,1039.3,23,19.9,24,9.5,24,5.8,24,9.9,999.9,26.1, ,5.0, ,0.0,G,999.9,1000,3.820645509123832
361,361,361,361,361,361,361,361,361,361,361,361,361,361,72429793812,2017-12-28,39.106,-84.41609,144.8,"CINCINNATI MUNICIPAL AIRPORT LUNKEN FIELD, OH US",13.6,24,2.3,24,1038.8,24,19.4,24,10.0,24,5.8,24,8.9,999.9,21.9, ,5.0, ,0.0,G,999.9,0,4.533355269061226
362,362,362,362,362,362,362,362,362,362,362,362,362,362,72429793812,2017-12-29,39.106,-84.41609,144.8,"CINCINNATI MUNICIPAL AIRPORT LUNKEN FIELD, OH US",21.6,24,11.4,24,1030.1,21,10.8,24,8.9,24,4.1,24,9.9,999.9,28.9, ,8.1, ,0.0,G,999.9,1000,15.932633519146473
363,363,363,363,363,363,363,363,363,363,363,363,363,363,72429793812,2017-12-30,39.106,-84.41609,144.8,"CINCINNATI MUNICIPAL AIRPORT LUNKEN FIELD, OH US",21.6,24,16.1,24,1024.3,17,5.4,24,6.8,24,5.3,24,12.0,20.0,28.9, ,12.0, ,0.07,G,999.9,1000,14.539211253038193
364,364,364,364,364,364,364,364,364,364,364,364,364,364,72429793812,2017-12-31,39.106,-84.41609,144.8,"CINCINNATI MUNICIPAL AIRPORT LUNKEN FIELD, OH US",11.0,24,2.3,24,1032.4,22,13.4,24,9.6,24,5.3,24,9.9,999.9,24.1, ,6.1, ,0.0,G,999.9,1000,2.0339767075993116
